u,g,r,i,z,u_g,g_r,r_i,i_z,redshift,class
21.75372,21.14839,21.31304,21.29545,20.68492,0.6053300000000021,-0.16465000000000174,0.017590000000001993,0.6105299999999971,2.299434,QSO
22.26148,21.72079,21.51823,21.36382,21.28937,0.5406899999999979,0.20256000000000185,0.1544099999999986,0.0744499999999988,1.20676,QSO
24.07678,23.0073,22.43031,22.17204,21.74169,1.0694799999999987,0.5769900000000021,0.25826999999999956,0.4303500000000007,1.669472,QSO
20.06293,18.07067,16.80266,16.32526,15.96852,1.9922600000000017,1.2680100000000003,0.4773999999999994,0.3567400000000003,0.1817536,GALAXY
18.6088,17.52187,17.12905,16.95103,16.89711,1.0869299999999988,0.3928200000000004,0.17802000000000007,0.05391999999999797,0.04329788,GALAXY
21.05817,19.81893,18.77352,18.44571,18.17195,1.2392399999999988,1.0454100000000004,0.32781000000000304,0.27375999999999934,0.1991626,QSO
25.94323,23.31946,22.20279,20.48223,19.71417,2.6237700000000004,1.1166699999999992,1.720559999999999,0.768060000000002,0.7451563,GALAXY
20.23802,18.62053,17.94951,17.68498,17.56997,1.61749,0.6710199999999986,0.2645300000000006,0.11500999999999806,0.0001584171,STAR
19.33176,19.29815,19.04245,19.07623,19.19175,0.033609999999999474,0.2557000000000009,-0.03378000000000014,-0.11552000000000007,1.217563,QSO
20.53564,19.40689,22.19538,21.53732,18.7959,1.1287500000000001,-2.7884899999999995,0.658059999999999,2.7414200000000015,-0.0003136255,STAR
23.94973,23.05105,21.41784,20.8182,20.29465,0.8986799999999988,1.6332099999999983,0.5996400000000008,0.5235500000000002,-0.0001351922,STAR
17.90187,17.14422,16.45493,16.05408,15.83081,0.7576499999999982,0.6892899999999997,0.4008500000000019,0.2232699999999994,0.1408577,QSO
20.11001,18.18316,17.28807,16.89551,16.58741,1.9268499999999982,0.8950899999999997,0.3925599999999996,0.30810000000000315,0.09076249,GALAXY
22.97873,20.54131,18.85002,18.22175,17.83606,2.4374199999999995,1.6912899999999986,0.6282700000000006,0.3856900000000003,0.2956381,GALAXY
20.47123,18.93483,17.71306,17.16362,16.87426,1.5363999999999969,1.221770000000003,0.549439999999997,0.28936000000000206,0.2019425,QSO
20.44367,20.22139,20.01551,19.76288,19.7248,0.22228000000000137,0.2058800000000005,0.2526299999999999,0.03808000000000078,1.698292,QSO
19.35034,17.72543,16.84963,16.45304,16.1106,1.6249099999999999,0.8757999999999981,0.3965899999999998,0.34243999999999986,0.07817412,GALAXY
22.18307,21.96908,21.47665,21.44044,20.92768,0.21398999999999901,0.49243000000000237,0.03621000000000052,0.5127600000000001,2.017755,QSO
22.02884,21.49417,21.43099,21.41881,20.88443,0.5346699999999984,0.06317999999999913,0.012180000000000746,0.5343800000000023,2.330361,QSO
18.89149,17.89607,17.55312,17.40602,17.34567,0.9954199999999993,0.34295000000000186,0.14709999999999823,0.060350000000003234,-6.234998e-05,STAR
19.43818,18.54769,18.303,18.19419,18.16847,0.8904899999999998,0.24468999999999852,0.10881000000000185,0.025719999999999743,-0.0009750092,STAR
21.76061,21.58816,20.68811,19.73449,19.46717,0.17245000000000132,0.9000499999999967,0.9536200000000008,0.26732000000000156,0.6927731,GALAXY
18.93268,17.95907,17.59715,17.4666,17.42253,0.9736100000000008,0.36192000000000135,0.1305499999999995,0.044070000000001386,0.0003236133,STAR
20.97079,19.65724,19.19197,18.96632,18.88312,1.3135499999999993,0.4652700000000003,0.22565000000000168,0.08319999999999794,3.265794e-05,STAR
22.47845,21.06069,20.87587,20.63371,20.71431,1.4177599999999977,0.18482000000000198,0.24215999999999838,-0.08060000000000045,0.0009465807,STAR
21.78671,20.15908,19.45964,19.1613,19.06049,1.62763,0.6994399999999992,0.2983399999999996,0.10080999999999918,-0.0001854181,STAR
19.50148,19.22632,19.11061,18.92358,18.83533,0.2751599999999996,0.11570999999999998,0.18703000000000003,0.08825000000000216,0.5460722,QSO
23.02137,21.92758,21.27142,21.09412,20.8743,1.093790000000002,0.6561599999999999,0.1772999999999989,0.21981999999999857,0.241274,GALAXY
25.39978,23.24356,21.80468,20.35279,19.98845,2.156220000000001,1.4388799999999975,1.4518900000000023,0.36433999999999855,-4.846149e-05,STAR
18.91251,17.94141,17.60201,17.4748,17.41305,0.9710999999999999,0.33940000000000126,0.1272100000000016,0.06174999999999997,-0.0004461268,STAR
21.76213,21.60615,21.50138,21.35568,20.84948,0.15597999999999956,0.10476999999999848,0.1457000000000015,0.5061999999999998,0.6862385,QSO
23.88881,20.93974,20.42581,20.28139,20.21701,2.949069999999999,0.513930000000002,0.14442000000000021,0.06437999999999988,0.0001714525,STAR
22.12719,21.77656,21.6135,21.60968,21.0347,0.3506299999999989,0.16306000000000154,0.003819999999997492,0.57498,0.000283897,STAR
22.9835,21.42924,20.59062,19.91889,19.6525,1.5542599999999993,0.8386199999999988,0.6717300000000002,0.26639000000000124,0.465699,QSO
21.49113,20.39242,20.04534,19.91674,19.82755,1.098709999999997,0.34708000000000183,0.12859999999999872,0.0891900000000021,-0.0002966596,STAR
21.02955,17.76896,16.16708,15.41735,14.89167,3.2605900000000005,1.6018800000000013,0.7497299999999978,0.5256800000000013,-0.000304567,STAR
23.7043,22.39826,19.56581,18.26512,18.01749,1.3060399999999994,2.8324500000000015,1.3006899999999995,0.2476300000000009,0.6751647,GALAXY
19.77943,18.97114,18.69,18.57874,18.6032,0.8082900000000031,0.28113999999999706,0.11126000000000147,-0.02446000000000126,-0.000349981,STAR
22.43112,20.78306,18.98137,18.3961,17.98744,1.648060000000001,1.8016900000000007,0.5852699999999977,0.40866000000000113,0.3788579,GALAXY
22.40127,21.60704,20.21158,19.45903,19.09809,0.7942299999999989,1.39546,0.7525500000000029,0.3609399999999994,0.4284293,GALAXY
22.4606,21.72454,19.88669,18.94989,18.4732,0.7360599999999984,1.8378499999999995,0.9368000000000016,0.4766900000000014,0.4811283,GALAXY
22.92726,21.42177,20.3233,19.68548,19.22643,1.5054900000000018,1.098469999999999,0.6378200000000014,0.45904999999999774,0.3436609,QSO
24.32304,22.07965,20.66609,19.7328,18.97858,2.243389999999998,1.4135600000000004,0.9332899999999995,0.7542200000000001,0.4994481,GALAXY
22.47172,21.1699,20.84933,20.9973,21.07385,1.3018200000000029,0.32057,-0.14797000000000082,-0.076550000000001,-0.0009200891,STAR
21.62683,21.17291,20.82467,20.66648,20.62719,0.4539200000000001,0.34824000000000055,0.15819000000000116,0.03929000000000116,0.0002283607,STAR
23.21647,20.95602,19.42521,18.96135,18.5692,2.2604500000000023,1.530809999999999,0.4638600000000004,0.3921500000000009,0.0004164796,STAR
21.75721,21.13208,20.95785,21.09414,20.55061,0.6251300000000022,0.1742299999999979,-0.1362899999999989,0.5435300000000005,2.539545,QSO
24.11321,21.99949,20.37273,19.20118,18.75832,2.113719999999997,1.6267600000000009,1.1715499999999999,0.4428599999999996,0.5648335,GALAXY
22.50603,21.66349,21.28193,21.17206,21.99548,0.8425399999999996,0.38156000000000034,0.1098700000000008,-0.8234200000000023,1.524358,QSO
21.66018,21.73993,21.72342,21.39592,21.28455,-0.07975000000000065,0.016510000000000247,0.32750000000000057,0.11137000000000086,1.962358,QSO
24.09775,21.0181,19.25032,18.4698,18.07747,3.079650000000001,1.767780000000002,0.7805199999999992,0.3923299999999976,0.4418179,GALAXY
17.88651,16.02902,15.39559,15.22379,15.16129,1.857490000000002,0.6334299999999988,0.17180000000000106,0.0625,-0.0001746303,STAR
21.03129,20.59398,20.50939,20.55706,20.20018,0.4373100000000001,0.08458999999999861,-0.0476700000000001,0.3568800000000003,2.477964,QSO
22.53613,21.10077,20.87515,20.71725,20.37715,1.4353599999999993,0.22561999999999927,0.15790000000000148,0.3400999999999996,-2.909631e-05,STAR
22.61293,21.90673,21.78613,21.86125,21.17485,0.706199999999999,0.1205999999999996,-0.0751199999999983,0.686399999999999,2.424563,QSO
18.31992,18.09878,18.39464,18.68811,18.89989,0.22113999999999834,-0.29585999999999757,-0.2934700000000028,-0.21177999999999741,-0.000170211,STAR
18.13291,16.85311,16.34259,16.13837,16.04521,1.279799999999998,0.5105199999999996,0.20422000000000295,0.09315999999999747,0.0001057609,STAR
23.61695,22.95066,21.88188,20.84246,20.71524,0.66629,1.0687800000000003,1.0394199999999998,0.12721999999999767,1.039565,GALAXY
23.83332,21.34708,19.58327,18.80554,18.3992,2.4862400000000022,1.7638099999999994,0.7777299999999983,0.40634000000000015,0.4078278,GALAXY
19.03995,18.07443,17.63075,17.44221,17.32596,0.9655200000000015,0.4436800000000005,0.1885399999999997,0.11625000000000085,-0.0008645905,STAR
22.0631,20.33757,18.58883,17.93401,17.45102,1.7255299999999991,1.748739999999998,0.6548200000000008,0.4829900000000009,0.283342,GALAXY
24.48821,22.38449,20.81278,19.55611,18.94867,2.103719999999999,1.5717099999999995,1.2566699999999997,0.6074400000000004,0.0001204415,STAR
18.25336,16.69821,16.15417,15.99818,15.92371,1.5551500000000011,0.544039999999999,0.15599000000000096,0.07446999999999981,-0.0002154373,STAR
23.65397,24.37293,23.22257,22.62892,22.41803,-0.7189599999999992,1.1503599999999992,0.5936500000000002,0.21088999999999913,0.9448618,GALAXY
22.51895,21.23723,20.60279,19.72131,19.28478,1.28172,0.6344400000000014,0.8814799999999998,0.43652999999999764,0.7863998,GALAXY
21.24336,20.94128,20.69045,20.64161,20.46862,0.3020800000000001,0.25083000000000055,0.04883999999999844,0.17298999999999864,2.524828,QSO
24.48243,23.64334,21.63165,20.10853,19.55938,0.8390900000000023,2.011689999999998,1.5231200000000022,0.5491499999999974,7.220434e-05,STAR
17.57157,16.39016,16.138,16.05895,16.051,1.1814099999999996,0.25215999999999994,0.07905000000000229,0.007950000000001012,5.584212e-05,STAR
24.00048,22.16673,22.05911,20.78066,21.47364,1.8337499999999984,0.10762000000000072,1.2784499999999994,-0.6929799999999986,0.9103151,GALAXY
21.63087,19.61223,18.81312,18.54155,18.39693,2.0186400000000013,0.7991099999999989,0.27157000000000053,0.14461999999999975,-0.0002327622,STAR
24.44641,23.20906,21.43653,20.1034,19.41299,1.2373499999999993,1.7725299999999997,1.3331300000000006,0.69041,-8.781478e-05,STAR
17.47265,16.05179,15.29858,14.89144,14.58494,1.4208600000000011,0.753210000000001,0.40714000000000006,0.3064999999999998,0.07085247,GALAXY
19.45791,19.39292,19.253,19.19358,19.15371,0.0649899999999981,0.13992000000000004,0.05941999999999936,0.039870000000000516,1.413966,QSO
20.94885,19.00023,17.74831,17.24274,16.89598,1.9486200000000018,1.2519199999999984,0.5055699999999987,0.34675999999999974,0.186442,GALAXY
24.85791,21.11456,20.30244,19.93327,19.61609,3.7433499999999995,0.8121200000000002,0.36917000000000044,0.31718000000000046,8.339527e-05,STAR
24.32443,22.30061,21.90626,22.06966,21.78865,2.0238200000000006,0.3943499999999993,-0.16339999999999932,0.2810099999999984,2.961348,QSO
21.60177,21.84535,21.44863,21.42591,21.86787,-0.24358000000000146,0.3967199999999984,0.022720000000003182,-0.4419600000000017,1.397517,QSO
19.92258,19.83875,19.76653,19.45876,19.48383,0.08382999999999896,0.0722200000000015,0.3077699999999979,-0.02506999999999948,1.795493,QSO
23.0757,21.35236,19.4974,18.79673,18.47461,1.7233400000000003,1.854960000000002,0.7006699999999988,0.32212000000000174,0.320247,GALAXY
26.14449,22.87695,21.38698,20.30413,19.59848,3.2675400000000003,1.4899699999999996,1.0828500000000005,0.7056500000000021,0.4712532,GALAXY
23.69065,21.04357,19.79922,19.02055,18.59731,2.6470800000000025,1.2443500000000007,0.7786699999999982,0.42323999999999984,0.5479471,GALAXY
19.85511,18.77816,18.32239,18.15708,18.11898,1.07695,0.4557700000000011,0.16530999999999807,0.03810000000000002,-0.0006264233,STAR
20.66246,18.8943,18.1771,18.20636,17.79092,1.7681599999999982,0.7172000000000018,-0.02926000000000073,0.41544000000000025,-9.708563e-05,STAR
18.24372,17.12742,16.86679,16.73121,16.77781,1.116299999999999,0.26062999999999903,0.13558000000000092,-0.046599999999997976,0.02296161,GALAXY
18.58739,17.74359,17.47419,17.37808,17.36927,0.8437999999999981,0.26940000000000097,0.09610999999999947,0.008810000000000429,-0.0004329668,STAR
22.74959,22.20671,21.63361,20.70672,20.02856,0.5428800000000003,0.5731000000000002,0.9268900000000002,0.6781600000000019,-3.494343e-05,STAR
19.43431,18.24977,17.7885,17.62118,17.53725,1.1845399999999984,0.4612700000000025,0.16732000000000014,0.08392999999999873,0.0001355716,STAR
22.25142,20.48427,18.73506,18.10593,17.6608,1.7671500000000009,1.749209999999998,0.62913,0.44513000000000247,0.3072662,GALAXY
23.64447,21.84365,20.34588,19.34571,19.02896,1.800819999999998,1.4977699999999992,1.0001700000000007,0.316749999999999,0.4778279,GALAXY
25.45575,22.59803,20.96514,19.93273,19.43487,2.857719999999997,1.6328899999999997,1.0324100000000023,0.4978599999999993,0.4810376,GALAXY
22.98287,21.91233,21.36972,21.25299,20.91588,1.0705399999999976,0.5426099999999998,0.11673000000000044,0.33710999999999913,1.006327,QSO
23.76021,21.53071,20.59721,19.85222,19.45994,2.2295000000000016,0.9334999999999987,0.7449900000000014,0.3922799999999995,0.2822417,GALAXY
22.32172,20.36525,18.61735,18.0083,17.68324,1.9564699999999995,1.7479000000000013,0.6090499999999999,0.325059999999997,0.3107221,GALAXY
22.06734,20.92318,20.38571,20.10648,19.9487,1.144160000000003,0.537469999999999,0.2792299999999983,0.15778000000000247,-0.001548917,STAR
21.07274,18.53594,17.41249,16.99108,16.76248,2.5367999999999995,1.1234500000000018,0.42140999999999806,0.22860000000000014,-0.0001448376,STAR
19.64952,17.37439,16.16641,15.57618,15.1623,2.2751300000000008,1.2079799999999992,0.5902299999999983,0.4138800000000007,0.1240716,GALAXY
20.63922,20.24979,19.67928,19.61741,19.57756,0.38943000000000083,0.5705100000000023,0.06186999999999898,0.03985000000000127,1.276495,QSO
22.13887,20.76449,19.46746,18.57003,17.89571,1.3743800000000022,1.2970299999999995,0.89743,0.674319999999998,-5.714557e-05,STAR
20.76753,19.53149,19.13612,18.9714,18.91595,1.2360399999999991,0.39537000000000333,0.1647199999999991,0.05545000000000044,-6.988894e-05,STAR
22.75768,22.06172,20.24813,19.26892,18.80536,0.6959599999999995,1.8135900000000014,0.9792099999999984,0.4635600000000011,0.602332,GALAXY
19.25829,18.34731,18.02798,17.91778,17.85122,0.9109799999999986,0.3193300000000008,0.11019999999999897,0.06655999999999906,0.0001949354,STAR
19.89101,18.24483,17.35159,16.85405,16.49632,1.646180000000001,0.8932399999999987,0.49754000000000076,0.3577300000000001,0.1386541,GALAXY
16.62681,14.80551,13.99782,13.62507,13.36565,1.821299999999999,0.8076899999999991,0.3727500000000017,0.25941999999999865,0.02294005,GALAXY
22.87276,23.58675,21.73884,20.42598,19.67416,-0.713989999999999,1.8479099999999988,1.3128600000000006,0.7518199999999986,0.7814728,GALAXY
23.07697,21.81018,21.65767,21.65026,22.49928,1.2667900000000003,0.15250999999999948,0.007410000000000139,-0.8490199999999994,2.184544,QSO
23.34212,22.29678,21.3266,20.49615,20.35714,1.045340000000003,0.9701799999999992,0.830449999999999,0.13900999999999897,0.6271035,GALAXY
21.68134,20.46096,19.96844,19.834,19.80662,1.2203799999999987,0.49251999999999896,0.13444000000000145,0.027380000000000848,-0.0001826745,STAR
19.26236,18.36806,18.09038,17.96191,17.9335,0.8943000000000012,0.27768000000000015,0.12847000000000008,0.028410000000000935,-0.0004195881,STAR
22.30198,21.18657,20.92726,20.83028,21.0626,1.1154100000000007,0.25930999999999926,0.09698000000000206,-0.23232000000000141,-0.000428351,STAR
21.68685,20.91751,20.83314,20.85509,20.72886,0.7693399999999997,0.08436999999999983,-0.021950000000000358,0.12622999999999962,8.39383e-05,STAR
22.78298,21.46713,20.97397,20.44941,20.20419,1.3158499999999975,0.4931599999999996,0.524560000000001,0.24521999999999977,0.0003281092,STAR
20.70651,19.89089,19.71216,19.61278,19.35347,0.8156200000000027,0.17872999999999806,0.09938000000000002,0.25930999999999926,2.390759,QSO
22.60942,21.41381,21.25971,21.07938,20.7422,1.1956099999999985,0.15410000000000323,0.18032999999999788,0.33718000000000004,2.723454,QSO
20.01025,18.4491,17.52036,17.06426,16.69191,1.5611499999999978,0.9287400000000012,0.4560999999999993,0.37235000000000085,0.1210262,GALAXY
19.40525,18.10316,17.59093,17.36963,17.27082,1.3020899999999997,0.5122299999999989,0.22129999999999939,0.09881000000000029,0.0001249606,STAR
22.88181,21.9757,21.66674,21.56957,20.84288,0.9061100000000017,0.308959999999999,0.09717000000000198,0.7266899999999978,1.985684,QSO
22.89275,22.03754,20.79995,19.73795,19.27425,0.8552099999999996,1.2375900000000009,1.0619999999999976,0.4637000000000029,0.6656002,GALAXY
21.12695,20.46178,20.07679,20.03693,19.78501,0.6651699999999998,0.38499000000000194,0.03985999999999734,0.2519200000000019,0.9476827,QSO
21.82837,21.59992,21.27969,21.30226,21.12433,0.2284499999999987,0.32023000000000224,-0.022570000000001755,0.17792999999999992,1.214311,QSO
24.19219,22.86654,21.79216,21.74923,21.6549,1.3256499999999996,1.0743800000000014,0.04292999999999836,0.09432999999999936,1.335466,GALAXY
24.61429,21.65659,20.55107,19.33315,18.6304,2.957699999999999,1.105520000000002,1.2179199999999994,0.7027499999999982,-0.0001795991,STAR
22.19857,20.04321,19.81322,19.66643,19.44845,2.1553600000000017,0.22998999999999725,0.14679000000000286,0.21797999999999718,3.063083,QSO
21.76728,21.52585,21.43855,21.03934,21.42298,0.24143000000000114,0.08729999999999905,0.39921000000000006,-0.38363999999999976,1.795401,QSO
21.71749,21.69185,21.52476,21.54826,21.303,0.02564000000000277,0.16708999999999818,-0.023499999999998522,0.24525999999999826,2.295346,QSO
20.05213,20.06299,20.0988,19.7839,19.73375,-0.01086000000000098,-0.03581000000000145,0.3149000000000015,0.050149999999998585,2.110469,QSO
20.23659,19.70898,19.50873,19.57934,19.28561,0.5276099999999992,0.20025000000000048,-0.07060999999999851,0.29373000000000005,0.7871324,QSO
18.43642,17.10587,16.63675,16.47567,16.42347,1.3305499999999988,0.4691200000000002,0.16107999999999834,0.05220000000000269,-2.33211e-06,STAR
24.11684,22.02095,20.24043,19.27464,18.95721,2.0958900000000007,1.7805199999999992,0.9657899999999984,0.31743000000000166,0.5010176,GALAXY
21.97381,20.99185,20.97245,21.12509,21.93364,0.9819600000000008,0.019400000000000972,-0.15264000000000166,-0.8085500000000003,8.380123e-05,STAR
22.53996,20.50987,18.78796,18.00719,17.53885,2.0300900000000013,1.7219099999999976,0.7807700000000004,0.4683400000000013,0.4482571,GALAXY
24.14328,21.97367,21.7486,21.97361,21.12333,2.1696100000000023,0.22506999999999877,-0.22501000000000104,0.8502800000000015,2.538757,QSO
21.79949,21.93757,21.81394,21.66336,21.51839,-0.1380800000000022,0.12363000000000213,0.15057999999999794,0.1449700000000007,1.484859,QSO
19.26079,17.71846,16.85706,16.4086,16.05199,1.5423299999999998,0.8613999999999997,0.44846000000000075,0.35660999999999987,0.108029,GALAXY
24.70714,21.73666,19.81406,19.02378,18.66138,2.9704799999999985,1.9225999999999992,0.7902800000000028,0.3623999999999974,6.867749,QSO
19.97105,18.32401,17.48876,17.14057,16.82545,1.6470400000000005,0.835250000000002,0.3481899999999989,0.3151200000000003,0.1111778,GALAXY
20.08076,20.06793,19.66458,19.68228,19.77201,0.012830000000001007,0.40334999999999965,-0.01769999999999783,-0.08973000000000297,1.263693,QSO
23.20786,21.56635,20.55303,20.2076,20.07312,1.6415100000000002,1.0133200000000002,0.34543000000000035,0.13447999999999993,8.682504e-05,STAR
21.88559,21.33269,21.11853,21.01641,20.29985,0.5529000000000011,0.21415999999999968,0.10211999999999932,0.7165600000000012,2.105335,QSO
18.49856,17.51276,17.10365,16.95875,16.8925,0.9858000000000011,0.40911000000000186,0.1448999999999998,0.06625000000000014,-0.0005217095,STAR
21.97975,21.69649,21.33986,21.11047,21.759,0.2832599999999985,0.3566299999999991,0.2293900000000022,-0.6485300000000009,1.556086,QSO
23.649,21.60302,20.97313,20.54816,20.03955,2.04598,0.6298899999999996,0.42497000000000185,0.5086100000000009,3.132808,QSO
16.87588,15.71278,15.32455,15.21576,15.23622,1.1630999999999982,0.3882300000000001,0.10879000000000083,-0.020459999999999923,-0.0002938306,STAR
21.0016,19.50506,18.16639,17.60248,17.19306,1.4965399999999995,1.3386700000000005,0.5639099999999999,0.4094200000000008,0.2332101,GALAXY
21.43465,20.5908,20.41125,20.06803,19.86979,0.8438499999999998,0.17955000000000254,0.34321999999999875,0.19824000000000197,0.6493902,QSO
20.52151,18.41575,17.32604,16.81789,16.40168,2.10576,1.0897100000000002,0.5081500000000005,0.4162099999999995,0.1283462,GALAXY
24.37644,22.33911,20.54725,19.64931,19.22921,2.037329999999997,1.7918600000000033,0.8979399999999984,0.4201000000000015,0.4888344,GALAXY
26.57273,22.03523,20.57905,19.66611,19.23147,4.537500000000001,1.4561799999999998,0.912939999999999,0.43463999999999814,-0.0001106103,STAR
23.26601,22.61178,20.7462,19.6721,19.23291,0.6542300000000019,1.8655799999999978,1.0741000000000014,0.43918999999999997,0.5636902,GALAXY
21.9634,19.68957,19.20311,18.24205,22.82691,2.2738300000000002,0.486460000000001,0.9610599999999998,-4.584860000000003,0.05971116,GALAXY
21.49487,21.38321,20.94079,20.76862,20.7031,0.11166000000000054,0.4424199999999985,0.17217000000000127,0.06551999999999936,1.340817,QSO
18.7654,17.20161,16.53147,16.25993,16.09463,1.563790000000001,0.67014,0.2715399999999981,0.165300000000002,-0.000128277,STAR
20.88083,20.46064,20.17691,20.05899,19.76094,0.42018999999999807,0.28373000000000204,0.11791999999999803,0.2980499999999999,2.136328,QSO
21.30309,20.67854,20.62993,20.53562,20.3172,0.6245499999999993,0.04861000000000004,0.09431000000000012,0.21842000000000183,2.116208,QSO
21.5714,18.94348,17.60908,16.99118,16.59868,2.6279199999999996,1.3344000000000023,0.6178999999999988,0.3924999999999983,-2.703969e-05,STAR
19.93358,18.92287,18.60383,18.4795,18.41824,1.0107099999999996,0.3190400000000011,0.12432999999999694,0.06126000000000076,-0.0001626614,STAR
23.88485,21.56513,20.0736,18.66438,17.92829,2.3197200000000002,1.491530000000001,1.4092199999999977,0.7360900000000008,-9.690251e-05,STAR
21.23728,20.36835,20.5465,20.50462,20.22672,0.8689299999999989,-0.17815000000000225,0.04188000000000258,0.2778999999999989,2.341493,QSO
21.97689,21.94265,21.87097,21.97611,21.72211,0.03424000000000049,0.07168000000000063,-0.10513999999999868,0.2539999999999978,-0.0006027561,GALAXY
22.0148,21.18263,21.04059,21.06221,20.88989,0.8321700000000014,0.14203999999999795,-0.02161999999999864,0.17231999999999914,0.0002970773,STAR
23.68798,23.83112,21.64135,20.48737,19.73212,-0.14313999999999893,2.1897699999999993,1.1539800000000007,0.7552500000000002,0.7328814,GALAXY
23.71514,21.96076,22.32526,21.91821,20.66392,1.7543800000000012,-0.3644999999999996,0.4070500000000017,1.2542899999999975,0.673216,QSO
24.71183,22.06205,20.30462,19.44217,19.01767,2.64978,1.7574299999999994,0.862449999999999,0.4245000000000019,0.4806794,GALAXY
20.50314,19.74917,19.61854,19.58352,19.42087,0.7539699999999989,0.13063000000000002,0.035019999999999385,0.1626499999999993,2.684394,QSO
17.92085,16.09665,15.22353,14.76663,14.43068,1.8242000000000012,0.8731200000000001,0.45690000000000097,0.33594999999999864,0.03798838,GALAXY
21.31071,20.46175,20.02882,19.94795,19.86327,0.8489600000000017,0.4329299999999989,0.08087000000000089,0.08467999999999876,0.7192872,QSO
21.55698,19.02748,17.6109,16.60032,16.05798,2.5294999999999987,1.4165799999999997,1.010580000000001,0.5423399999999994,1.39317e-05,STAR
21.48563,21.19696,21.43702,21.20822,21.36911,0.28866999999999976,-0.24005999999999972,0.22879999999999967,-0.16088999999999842,1.973471,QSO
23.57054,20.68526,20.01888,19.8397,19.80287,2.8852800000000016,0.6663800000000002,0.17917999999999878,0.03683000000000192,3.489627,QSO
19.76555,18.5298,18.00929,17.7938,17.69975,1.2357499999999995,0.5205100000000016,0.21548999999999907,0.0940499999999993,-0.0003232131,STAR
19.50094,18.2884,17.63873,17.27837,17.05037,1.2125400000000006,0.6496700000000004,0.36036,0.22799999999999798,0.1081447,GALAXY
24.82746,22.08577,20.90002,19.65545,19.19375,2.7416899999999984,1.1857499999999987,1.244570000000003,0.4616999999999969,0.5804024,GALAXY
22.47786,22.42093,21.76964,21.22739,21.00265,0.05693000000000126,0.6512899999999995,0.5422499999999992,0.2247400000000006,0.7013081,GALAXY
22.7856,22.97449,21.24181,20.56713,20.15092,-0.18889000000000067,1.7326799999999984,0.6746800000000022,0.4162099999999995,0.4691242,QSO
19.61115,18.7274,18.00258,17.62308,17.39584,0.8837499999999991,0.7248200000000011,0.3794999999999966,0.22724000000000188,0.1565209,GALAXY
25.11965,22.25435,21.50922,21.25117,21.32453,2.8653000000000013,0.7451299999999996,0.2580500000000008,-0.07336000000000098,0.9766676,GALAXY
22.18958,22.27971,21.25274,20.78035,20.47637,-0.09013000000000204,1.0269700000000022,0.47239000000000075,0.30397999999999925,0.8113293,GALAXY
20.53104,20.24453,20.13266,19.9777,18.81611,0.2865099999999998,0.11186999999999969,0.15496000000000265,1.1615900000000003,-0.000712021,STAR
24.34593,22.61868,21.88983,21.24616,20.7909,1.727249999999998,0.7288500000000013,0.6436700000000002,0.4552599999999991,6.462293,QSO
21.44117,21.32325,21.17949,21.07795,20.99845,0.11791999999999803,0.14376000000000033,0.10153999999999996,0.07950000000000301,1.333003,QSO
25.54381,24.76371,22.60951,21.07317,19.98653,0.7801000000000009,2.1541999999999994,1.5363399999999992,1.0866400000000027,-0.0002226192,STAR
22.54743,19.72319,18.24353,16.76822,15.93782,2.8242399999999996,1.479659999999999,1.4753100000000003,0.8303999999999991,0.0001526034,STAR
20.67572,20.54528,20.34678,20.36685,20.25736,0.13043999999999656,0.19850000000000279,-0.020070000000000476,0.10949000000000098,1.300095,QSO
25.50321,22.70285,21.06808,20.9348,20.81739,2.8003599999999977,1.6347700000000032,0.13327999999999918,0.11740999999999957,-6.259513e-05,STAR
22.10378,20.58469,18.87433,18.27389,17.93027,1.519090000000002,1.7103599999999979,0.600439999999999,0.34362000000000137,0.0,GALAXY
21.04063,21.2048,21.02401,20.95827,20.99182,-0.1641699999999986,0.18078999999999823,0.06574000000000169,-0.033550000000001745,1.402944,QSO
21.15474,21.43411,20.9661,20.967,20.71536,-0.2793700000000001,0.4680099999999996,-0.0008999999999979025,0.2516399999999983,1.254102,QSO
22.98296,20.29148,19.78395,19.65965,19.46838,2.6914799999999985,0.5075299999999991,0.12430000000000163,0.19126999999999938,3.3166,QSO
25.84469,22.34638,20.68712,19.67604,19.25478,3.49831,1.6592599999999997,1.0110799999999998,0.4212600000000002,0.5608551,GALAXY
21.98076,21.51342,21.60724,21.37384,21.34251,0.4673400000000001,-0.0938200000000009,0.2333999999999996,0.031330000000000524,1.60023,QSO
21.77988,21.5521,21.47637,21.09006,20.51553,0.2277799999999992,0.07573000000000008,0.38630999999999815,0.5745300000000029,1.754987,QSO
19.73624,19.2825,19.28589,19.11639,19.16514,0.4537399999999998,-0.00338999999999956,0.16949999999999932,-0.04875000000000185,0.614185,QSO
22.3171,21.61348,20.66599,20.2333,19.91435,0.7036200000000008,0.9474899999999984,0.4326900000000009,0.31895000000000095,-0.0002799443,STAR
21.19289,21.17017,21.07792,20.96257,20.56594,0.02271999999999963,0.09224999999999994,0.1153499999999994,0.39662999999999826,1.001139,QSO
20.31364,19.28282,18.97899,18.8683,18.83255,1.0308199999999985,0.3038300000000014,0.11068999999999818,0.03575000000000017,-0.0006608444,STAR
22.08327,20.08268,18.99905,18.53523,18.23391,2.000589999999999,1.0836299999999994,0.4638200000000019,0.3013199999999969,-0.0009024572,STAR
19.85575,19.91898,20.08075,19.7268,19.77466,-0.06323000000000079,-0.16176999999999708,0.35394999999999754,-0.047860000000000014,1.788585,QSO
21.40381,21.1823,20.77498,20.66934,20.55641,0.22150999999999854,0.4073200000000021,0.10564000000000107,0.11292999999999864,1.263605,QSO
24.63467,25.11438,21.37795,21.61192,19.99956,-0.47971000000000075,3.736430000000002,-0.2339700000000029,1.6123600000000025,0.002404557,STAR
23.04934,21.46859,19.72983,17.773,16.70602,1.5807500000000019,1.7387599999999992,1.95683,1.066980000000001,-0.0001570951,STAR
24.5078,24.07414,21.32339,20.0419,19.51226,0.4336599999999997,2.75075,1.2814900000000016,0.529639999999997,0.7229756,GALAXY
20.26909,20.01745,20.30574,20.55732,20.61964,0.2516399999999983,-0.28828999999999994,-0.2515800000000006,-0.06231999999999971,0.0002396036,STAR
18.31199,17.22252,16.97293,16.91551,16.89761,1.0894700000000022,0.24958999999999776,0.05742000000000047,0.017900000000000915,-0.0001658359,STAR
22.15688,23.22161,20.50098,19.17825,18.6385,-1.0647299999999973,2.72063,1.32273,0.539749999999998,0.6879658,GALAXY
21.00897,19.94038,19.4281,19.2132,19.07769,1.0685900000000004,0.5122800000000005,0.2149000000000001,0.13551000000000002,-0.000928904,STAR
22.53234,21.01385,19.28673,18.67324,18.20084,1.51849,1.7271200000000029,0.6134899999999988,0.4724000000000004,0.3508759,GALAXY
20.84007,18.55618,17.57758,17.23807,17.0504,2.2838899999999995,0.9786000000000001,0.33951000000000064,0.18767000000000067,-0.0001178434,STAR
24.79469,21.5635,21.2894,21.19506,21.40755,3.231189999999998,0.2741000000000007,0.09433999999999898,-0.21248999999999896,2.886739,QSO
24.43613,22.74555,22.47173,21.6634,21.38084,1.690579999999997,0.2738200000000006,0.8083300000000015,0.28256000000000014,0.8300446,GALAXY
25.041,21.33029,19.5791,18.74582,18.2819,3.710709999999999,1.7511900000000011,0.833280000000002,0.4639199999999981,0.4762639,GALAXY
17.63343,16.57862,16.57487,16.6027,16.67499,1.0548099999999998,0.003750000000000142,-0.027829999999998023,-0.07229000000000241,-8.80265e-05,STAR
20.70376,20.70173,20.87579,20.57845,20.34322,0.002029999999997756,-0.17405999999999722,0.2973399999999984,0.23523000000000138,1.70994,QSO
18.97161,18.93741,18.59916,18.6051,18.85397,0.034199999999998454,0.3382499999999986,-0.005939999999998946,-0.24887000000000015,1.12581,QSO
21.46967,19.37395,17.90397,17.38886,17.0195,2.09572,1.4699799999999996,0.51511,0.36936000000000035,0.2585993,GALAXY
20.44282,18.06283,16.84431,16.36471,16.01328,2.3799899999999994,1.2185200000000016,0.47960000000000136,0.351429999999997,0.1682141,GALAXY
19.11035,18.09249,17.61559,17.42142,17.33303,1.0178599999999989,0.47690000000000055,0.19416999999999973,0.08839000000000041,1.688441e-05,STAR
23.86736,22.28532,20.95111,20.32173,20.0858,1.5820400000000028,1.3342099999999988,0.6293800000000012,0.23592999999999975,-0.0002209484,STAR
22.87793,21.86431,21.72801,21.99492,20.93424,1.0136199999999995,0.13629999999999853,-0.2669099999999993,1.0606800000000014,2.559693,QSO
19.80119,18.85362,18.76995,18.77933,18.75746,0.9475699999999989,0.08366999999999791,-0.009380000000000166,0.021870000000003387,0.0005949868,STAR
18.97053,17.86891,17.4348,17.20531,17.14178,1.1016200000000005,0.43411000000000044,0.22948999999999842,0.06353000000000009,0.03476626,GALAXY
21.25583,21.21048,20.8637,20.56393,20.44207,0.04534999999999911,0.346779999999999,0.2997700000000023,0.12185999999999808,1.487037,QSO
18.43169,17.53618,17.17052,16.9859,16.943,0.895509999999998,0.3656600000000019,0.1846199999999989,0.042899999999999494,-0.00023905,STAR
22.74498,20.49496,18.96589,17.3193,16.43213,2.250020000000003,1.5290699999999973,1.6465900000000033,0.8871699999999976,-0.0001146962,STAR
22.4123,21.21531,19.48845,18.59164,18.13451,1.1969899999999996,1.7268599999999985,0.8968099999999986,0.4571300000000029,0.4607949,GALAXY
22.80882,20.24261,20.02522,19.99492,19.85452,2.5662100000000017,0.2173899999999982,0.030300000000000438,0.14039999999999964,3.048542,QSO
20.36306,18.51393,17.57339,17.15802,16.8392,1.8491300000000024,0.9405399999999986,0.41536999999999935,0.31881999999999877,0.09070906,GALAXY
23.85788,20.97204,19.41168,18.5468,18.03886,2.8858400000000017,1.5603599999999993,0.8648799999999994,0.5079400000000014,6.813402e-05,STAR
22.23242,21.17339,20.0769,19.21175,18.82036,1.05903,1.0964900000000029,0.8651499999999999,0.3913899999999977,0.4996786,GALAXY
21.87408,20.66559,20.52107,20.34466,20.08207,1.2084899999999976,0.14451999999999998,0.17641000000000062,0.26258999999999943,-0.0008503356,STAR
24.02752,22.26178,20.36403,19.47944,19.04987,1.7657399999999974,1.897750000000002,0.8845899999999993,0.4295700000000018,0.4236464,GALAXY
20.70615,20.85833,20.63911,20.54145,20.83751,-0.15217999999999776,0.21921999999999997,0.09765999999999764,-0.29606000000000066,1.301031,QSO
26.64565,23.12816,21.19662,20.07426,19.61054,3.5174899999999987,1.9315400000000018,1.1223600000000005,0.4637199999999986,0.6538143,GALAXY
22.50742,22.11687,21.56858,21.43605,22.05909,0.39055000000000106,0.548289999999998,0.13252999999999915,-0.6230399999999996,1.050157,QSO
19.74586,19.82453,19.6559,19.62193,19.72671,-0.07866999999999891,0.16863000000000028,0.033970000000000056,-0.10478000000000165,1.330617,QSO
22.41092,20.52327,19.21466,18.60778,18.18702,1.8876500000000007,1.3086100000000016,0.6068799999999968,0.42076000000000136,0.1874598,GALAXY
21.21724,18.6444,17.16642,15.68612,14.86332,2.5728399999999993,1.4779800000000023,1.480299999999998,0.8228000000000009,-4.304428e-05,STAR
22.46369,21.7914,21.62501,21.64531,21.37457,0.6722900000000003,0.16638999999999982,-0.020299999999998875,0.27074,1.604565,QSO
20.20222,19.52698,19.29051,19.21994,19.12085,0.6752400000000023,0.23646999999999707,0.07057000000000002,0.09909000000000034,-0.0002973624,STAR
20.95372,19.10675,17.69282,17.15137,16.81516,1.846969999999999,1.4139300000000006,0.5414500000000011,0.33621000000000123,0.2217725,GALAXY
21.45401,20.80481,20.94399,20.74411,20.43947,0.6492000000000004,-0.13917999999999964,0.19988000000000028,0.30463999999999913,2.208735,QSO
18.32598,16.78338,15.99169,15.59357,15.29933,1.5426000000000002,0.7916900000000009,0.3981200000000005,0.2942400000000003,0.06610879,GALAXY
21.82521,20.35423,20.2457,20.15662,19.60457,1.4709799999999973,0.10853000000000179,0.08907999999999916,0.5520500000000013,2.37508,QSO
23.20531,25.70713,22.0099,20.78374,19.88966,-2.5018199999999986,3.697230000000001,1.2261599999999966,0.8940800000000024,0.8333309,GALAXY
21.8626,21.45142,20.6137,20.05881,19.57603,0.41118000000000166,0.8377199999999974,0.5548900000000003,0.48278000000000176,1.392928,QSO
19.30117,18.13651,18.22337,18.38725,18.45604,1.1646599999999978,-0.08685999999999794,-0.16388000000000247,-0.0687899999999999,0.0003378531,STAR
22.65054,22.44987,21.38837,19.85667,19.06698,0.2006699999999988,1.0615000000000023,1.5316999999999972,0.7896900000000002,-0.0002125916,STAR
25.18686,24.28765,21.92314,20.81575,19.80774,0.8992100000000001,2.3645099999999992,1.1073899999999988,1.0080100000000023,0.6230652,GALAXY
19.26926,18.02802,17.59067,17.34306,17.20747,1.2412399999999977,0.4373500000000021,0.2476099999999981,0.13559000000000054,0.05903694,GALAXY
20.05189,18.28323,17.31628,16.91992,16.58878,1.7686600000000006,0.9669500000000006,0.3963599999999978,0.3311400000000013,0.1135885,GALAXY
26.97862,22.07197,21.52746,20.47469,19.54811,4.906649999999999,0.5445099999999989,1.0527700000000024,0.9265799999999977,0.7821329,GALAXY
21.03784,20.25805,18.71511,18.07788,17.69242,0.7797899999999984,1.5429400000000015,0.6372299999999989,0.3854600000000019,0.4236314,GALAXY
24.27092,21.32734,20.73207,20.58731,20.73735,2.9435800000000008,0.5952699999999993,0.14476000000000155,-0.15004000000000062,-0.001065706,STAR
23.23101,22.8512,21.36546,20.94358,20.42494,0.37981000000000265,1.4857399999999998,0.42187999999999803,0.5186400000000013,-0.0002736818,STAR
25.13215,21.38775,20.83602,20.67327,20.48266,3.744399999999999,0.5517299999999992,0.16275000000000261,0.1906099999999995,3.193797,QSO
19.54814,18.50743,18.03165,17.82018,17.68924,1.0407100000000007,0.4757800000000003,0.2114699999999985,0.13093999999999895,-0.0001114395,STAR
19.73415,19.68657,19.51037,19.08484,19.06619,0.047579999999999956,0.1761999999999979,0.42553000000000196,0.018650000000000944,1.757549,QSO
23.77446,23.29089,21.80721,20.6188,19.98369,0.4835700000000003,1.4836799999999997,1.188410000000001,0.635110000000001,3.259241e-05,STAR
22.93972,21.1578,19.60384,18.49934,17.85413,1.7819199999999995,1.55396,1.1045000000000016,0.6452099999999987,0.0001926463,STAR
21.68178,21.62483,21.11809,21.07944,20.875,0.0569500000000005,0.5067400000000006,0.038649999999996965,0.20444000000000173,1.155683,QSO
19.46829,19.21473,19.28602,19.15874,19.21588,0.25356000000000023,-0.07129000000000119,0.12727999999999895,-0.05713999999999686,0.6303637,QSO
19.91365,17.90346,17.11921,16.78342,16.63619,2.0101900000000015,0.7842500000000001,0.33578999999999937,0.14723000000000042,8.569868e-05,STAR
22.62224,22.29546,21.95896,21.68433,20.97102,0.32678000000000296,0.33649999999999736,0.27463000000000193,0.7133099999999999,1.989826,QSO
21.41066,19.25123,17.86983,17.31308,16.88922,2.1594300000000004,1.3813999999999993,0.556750000000001,0.4238599999999977,0.2147884,GALAXY
24.42964,22.48803,21.18156,19.72663,19.07131,1.9416100000000007,1.3064699999999974,1.454930000000001,0.6553199999999997,-3.965356e-05,STAR
18.15799,17.9809,18.00054,17.79289,17.86704,0.1770900000000033,-0.019640000000002544,0.207650000000001,-0.0741499999999995,1.687172,QSO
20.90329,20.62496,19.60555,18.77527,18.26755,0.27832999999999686,1.0194100000000006,0.8302800000000019,0.5077199999999991,0.5937147,GALAXY
21.58782,21.70903,21.69683,21.38044,21.06251,-0.12120999999999782,0.012199999999999989,0.3163899999999984,0.3179300000000005,1.990356,QSO
24.29267,23.97043,21.13318,20.23001,19.4027,0.32224000000000075,2.837250000000001,0.9031699999999994,0.8273100000000007,0.6262011,GALAXY
22.10415,22.83055,21.55449,20.34815,19.49672,-0.7263999999999982,1.2760599999999975,1.2063400000000009,0.8514300000000006,0.6888111,GALAXY
21.11352,20.80581,20.57063,20.52446,20.19418,0.30771000000000015,0.23517999999999972,0.046170000000000044,0.3302800000000019,1.174862,QSO
17.25492,16.45435,15.99913,15.75156,15.54084,0.8005699999999969,0.4552200000000024,0.24756999999999962,0.21072000000000024,0.03005024,GALAXY
20.97738,20.35223,19.75981,19.65212,19.64717,0.6251500000000014,0.5924199999999971,0.10769000000000162,0.004950000000000898,1.037908,QSO
19.25017,17.16482,16.14663,15.68746,15.3298,2.085350000000002,1.0181900000000006,0.4591699999999985,0.3576599999999992,0.09550445,GALAXY
22.9171,22.59236,20.98469,19.74929,19.2317,0.324740000000002,1.6076699999999988,1.235400000000002,0.5175899999999984,0.6054333,GALAXY
20.50268,20.2555,20.31766,19.99758,20.20233,0.24718000000000018,-0.06215999999999866,0.3200800000000008,-0.20475000000000065,1.781868,QSO
22.92601,22.5971,21.16688,19.80064,19.04015,0.3289100000000005,1.430220000000002,1.3662399999999977,0.7604900000000008,-0.0002384913,STAR
22.31011,20.3145,18.43188,17.76924,17.4283,1.9956100000000028,1.8826199999999993,0.6626399999999997,0.3409399999999998,0.3457138,GALAXY
25.53765,23.30253,22.18056,19.16912,17.69176,2.2351199999999984,1.121970000000001,3.0114400000000003,1.477360000000001,-3.4287e-05,STAR
22.05511,21.6948,20.65286,19.76574,19.52576,0.36030999999999835,1.0419400000000003,0.8871199999999995,0.23998000000000275,0.605906,GALAXY
22.35658,19.51027,18.08961,17.02243,16.45938,2.8463100000000026,1.420659999999998,1.0671800000000005,0.5630500000000005,-8.71958e-05,STAR
21.21359,21.04736,20.79005,20.7969,20.22846,0.16622999999999877,0.25731000000000037,-0.006850000000000023,0.5684400000000025,1.023108,QSO
23.64864,21.96082,22.17043,22.19963,21.24846,1.687820000000002,-0.2096100000000014,-0.02919999999999945,0.9511699999999976,2.414741,QSO
21.13727,20.60742,20.16557,19.85991,19.86138,0.5298499999999997,0.4418500000000023,0.3056599999999996,-0.0014700000000011926,1.455546,QSO
22.39958,22.25462,21.87751,21.91333,21.99039,0.1449600000000011,0.3771099999999983,-0.03581999999999752,-0.07706000000000301,1.231807,QSO
22.0501,22.11451,21.69641,21.82736,21.47821,-0.06440999999999875,0.41809999999999903,-0.13094999999999857,0.3491499999999981,1.460821,QSO
22.08503,21.50579,21.61788,21.59924,21.63172,0.5792399999999986,-0.11208999999999847,0.01863999999999777,-0.03247999999999962,2.239779,QSO
19.27087,18.10638,17.73539,17.68777,17.53367,1.1644899999999971,0.3709900000000026,0.04761999999999844,0.15409999999999968,-0.0001824363,STAR
22.27899,21.42202,20.69485,20.38532,20.27261,0.8569700000000005,0.727170000000001,0.30952999999999875,0.11270999999999987,1.256318,QSO
24.37651,21.4175,20.73102,20.50611,20.42963,2.9590099999999993,0.6864799999999995,0.22491000000000128,0.0764800000000001,-0.000276137,STAR
18.51403,18.264,18.0635,18.22198,18.24212,0.2500300000000024,0.20049999999999812,-0.1584799999999973,-0.02014000000000138,0.9953191,QSO
19.43389,17.88849,17.43427,17.25066,17.15198,1.5454000000000008,0.4542199999999994,0.1836100000000016,0.09868000000000166,0.0001409307,STAR
22.59646,21.85462,20.14627,19.34523,19.05752,0.7418399999999998,1.7083499999999994,0.8010400000000004,0.2877100000000006,0.4496571,GALAXY
20.72946,20.62613,20.37302,20.31219,20.41174,0.1033299999999997,0.2531099999999995,0.060829999999999274,-0.0995500000000007,1.162125,QSO
21.75425,19.43876,17.97786,16.99891,16.48139,2.3154900000000005,1.4608999999999988,0.9789500000000011,0.5175199999999975,-8.373192e-06,STAR
24.31427,21.96854,21.7459,21.87383,21.63137,2.3457299999999996,0.22264000000000195,-0.12793000000000276,0.24246000000000123,2.949627,QSO
20.32977,18.48003,17.29824,16.77725,16.37093,1.8497400000000006,1.1817899999999995,0.5209900000000012,0.40631999999999735,0.1499947,GALAXY
23.20943,21.05125,19.65031,18.69956,18.30411,2.1581800000000015,1.4009399999999985,0.9507499999999993,0.3954500000000003,-0.0001337711,STAR
22.17806,21.66704,21.36929,21.06618,20.56824,0.5110199999999985,0.2977500000000006,0.3031100000000002,0.4979399999999998,0.732157,QSO
19.41399,18.23463,17.74263,17.58676,17.50622,1.179359999999999,0.4920000000000009,0.15586999999999662,0.08054000000000272,-0.0001511514,STAR
20.89581,20.72936,20.51391,20.17671,20.03346,0.1664500000000011,0.21545000000000059,0.3371999999999993,0.14324999999999832,1.625426,QSO
21.61118,21.59209,21.50832,21.46789,21.01111,0.01909000000000205,0.08376999999999768,0.04043000000000063,0.45678000000000196,0.8589716,QSO
21.45405,20.97624,20.88142,20.80783,20.44015,0.47780999999999807,0.09482000000000212,0.07358999999999938,0.36768,0.8697448,QSO
19.6007,19.49171,19.43624,19.1966,19.09381,0.10898999999999859,0.055469999999999686,0.2396400000000014,0.10278999999999883,1.762359,QSO
23.41982,23.32436,23.18634,21.14298,20.71388,0.09546000000000276,0.13801999999999737,2.04336,0.4291000000000018,1.04456,QSO
23.68618,23.39405,22.13872,20.72207,19.90908,0.2921300000000002,1.2553300000000007,1.4166500000000006,0.8129899999999992,0.6872157,GALAXY
19.49534,19.31938,19.38081,19.09097,19.06845,0.1759599999999999,-0.06143000000000143,0.28984000000000165,0.022520000000000095,1.760641,QSO
24.03894,21.16998,20.97692,20.94892,21.23166,2.8689600000000013,0.19305999999999912,0.027999999999998693,-0.28274000000000044,2.894236,QSO
21.30474,20.83603,20.64938,20.22575,20.21734,0.46870999999999796,0.1866500000000002,0.4236299999999993,0.00841000000000136,0.6916484,QSO
24.75802,21.99376,20.46322,19.69167,19.4085,2.7642599999999966,1.530540000000002,0.7715500000000013,0.28316999999999837,0.3737704,GALAXY
19.42213,17.46874,16.49905,16.08144,15.71669,1.9533899999999988,0.9696899999999999,0.4176099999999998,0.3647500000000008,0.09399127,GALAXY
25.26471,25.11437,21.49762,21.82636,20.93914,0.15033999999999992,3.6167499999999997,-0.3287399999999998,0.8872200000000028,0.8745828,QSO
19.05685,17.84212,17.17141,16.79461,16.56534,1.2147299999999994,0.6707099999999997,0.3768000000000029,0.22926999999999964,0.107163,GALAXY
24.2866,22.04291,20.06946,18.65717,17.85871,2.243690000000001,1.9734499999999997,1.4122899999999987,0.7984600000000022,-3.993006e-05,STAR
19.38461,18.48062,17.64685,17.51499,17.06081,0.9039900000000003,0.8337699999999977,0.13185999999999964,0.4541800000000009,0.2683275,QSO
22.25501,20.88304,19.02483,18.44344,18.09703,1.3719699999999975,1.8582099999999997,0.5813900000000025,0.3464099999999988,0.3301419,GALAXY
25.26202,24.64792,23.51762,21.17913,19.69929,0.6141000000000005,1.1302999999999983,2.33849,1.4798399999999994,0.0002087043,STAR
20.87193,20.81083,20.56798,20.43592,20.40816,0.06109999999999971,0.24285000000000068,0.13205999999999918,0.027760000000000673,1.313307,QSO
22.0553,23.95702,22.10164,20.48243,19.69736,-1.901720000000001,1.8553800000000003,1.619209999999999,0.785070000000001,0.7906913,GALAXY
22.85018,21.19284,21.06314,21.02435,20.90773,1.6573400000000014,0.1296999999999997,0.03879000000000232,0.1166199999999975,-0.00015583,STAR
23.14826,20.96271,19.17008,18.46879,18.03516,2.185549999999999,1.7926300000000026,0.7012900000000002,0.4336299999999973,0.375504,GALAXY
22.85575,21.47972,19.58635,18.75631,18.34977,1.37603,1.8933700000000009,0.8300400000000003,0.4065399999999997,0.4536946,GALAXY
23.32242,22.06487,21.33951,21.05728,20.37933,1.257550000000002,0.7253599999999985,0.282230000000002,0.6779499999999992,2.159002,QSO
20.77386,19.25971,18.68839,18.46233,18.40166,1.5141500000000008,0.57132,0.22605999999999682,0.06067000000000178,0.0001013437,STAR
22.13235,21.6368,21.50744,21.44323,21.07676,0.49554999999999794,0.12936000000000192,0.06420999999999921,0.36646999999999963,1.168528,QSO
20.68715,19.85076,19.2282,18.83667,18.53157,0.836389999999998,0.62256,0.3915299999999995,0.30510000000000304,2.978163,QSO
23.62859,21.72461,20.51622,19.736,19.32468,1.9039800000000007,1.2083899999999979,0.7802199999999999,0.4113199999999999,0.3401736,GALAXY
21.37467,20.11347,19.5549,19.25606,19.21805,1.2611999999999988,0.5585699999999996,0.29883999999999844,0.03800999999999988,1.167193,QSO
19.33957,19.25449,18.95342,19.02468,19.03853,0.08507999999999782,0.3010699999999993,-0.07125999999999877,-0.013850000000001472,1.249538,QSO
19.72125,18.37351,17.83084,17.63008,17.52504,1.3477400000000017,0.5426700000000011,0.20075999999999894,0.10503999999999891,-0.0002579961,STAR
23.77797,24.05727,21.90869,20.83223,19.95545,-0.2792999999999992,2.148579999999999,1.0764600000000009,0.8767800000000001,0.7639118,GALAXY
20.99083,20.79304,20.75166,20.44382,20.63122,0.1977899999999977,0.041380000000000194,0.30784000000000233,-0.18740000000000023,1.950271,QSO
20.36847,17.98733,16.51479,15.32946,14.699,2.3811399999999985,1.4725399999999986,1.1853300000000022,0.6304599999999994,1.071759e-05,STAR
19.66854,17.60861,16.68963,16.24953,15.91881,2.0599300000000014,0.9189799999999977,0.44010000000000105,0.33071999999999946,0.09607875,GALAXY
21.96769,21.65574,21.47001,21.36704,21.84751,0.3119499999999995,0.18573000000000306,0.10296999999999912,-0.4804700000000004,1.804358,QSO
17.99744,16.70691,16.24357,16.0782,16.02911,1.2905300000000004,0.4633400000000023,0.16536999999999935,0.049089999999999634,-1.278361e-05,STAR
23.95684,21.37612,19.75149,18.49137,17.77083,2.5807199999999995,1.6246299999999998,1.2601200000000006,0.7205399999999997,0.0002528483,STAR
23.82656,21.13009,20.01836,19.48638,19.24809,2.6964700000000015,1.1117299999999979,0.5319800000000008,0.23828999999999922,0.2106052,GALAXY
26.3719,22.31892,21.31912,21.35832,20.91249,4.052980000000002,0.9997999999999969,-0.03919999999999746,0.44583000000000084,0.3504938,GALAXY
23.00546,20.60006,19.42889,19.31003,19.10286,2.4054,1.17117,0.11885999999999797,0.2071700000000014,-4.823917e-05,STAR
25.52656,23.98114,24.86639,21.95848,18.81368,1.54542,-0.8852499999999992,2.9079099999999976,3.1448,8.572642e-05,STAR
18.67145,17.44608,16.91577,16.59292,16.42932,1.2253700000000016,0.5303100000000001,0.32284999999999897,0.16359999999999886,0.0505667,GALAXY
22.59045,21.53248,21.44731,21.23611,20.95328,1.057970000000001,0.08516999999999797,0.2112000000000016,0.2828300000000006,2.940972,QSO
17.91554,16.98712,16.69485,16.56794,16.4127,0.9284199999999991,0.29227000000000203,0.12690999999999875,0.15523999999999916,0.03167323,GALAXY
20.85844,20.95043,20.87225,20.78356,20.65223,-0.09198999999999913,0.0781799999999997,0.08868999999999971,0.13133000000000195,2.129886,QSO
21.34946,21.12549,20.8911,20.84926,20.66684,0.22397000000000133,0.23438999999999766,0.04184000000000054,0.18242000000000047,1.059379,QSO
23.19154,21.51874,21.52098,21.40274,21.58318,1.6727999999999987,-0.002240000000000464,0.11824000000000012,-0.18043999999999727,0.0001879598,STAR
23.49275,20.0189,19.1211,20.37064,19.71614,3.4738500000000023,0.8978000000000002,-1.2495400000000032,0.6545000000000023,0.0002038264,STAR
16.52681,15.40873,14.92917,14.68397,14.47564,1.1180800000000009,0.4795600000000011,0.24519999999999875,0.20833000000000013,0.0227975,GALAXY
21.94149,21.59599,20.57335,19.94415,19.83502,0.34550000000000125,1.022639999999999,0.6292000000000009,0.1091300000000004,0.8816677,GALAXY
25.43369,22.60787,20.96354,19.86421,19.31367,2.82582,1.64433,1.0993299999999984,0.5505400000000016,0.5607879,GALAXY
24.16671,22.03371,20.46242,19.45581,19.09414,2.132999999999999,1.5712899999999976,1.006610000000002,0.36167000000000016,4.768696e-05,STAR
19.15203,17.91083,17.39434,17.08712,16.91621,1.2411999999999992,0.516490000000001,0.30722000000000094,0.17090999999999923,0.0323321,GALAXY
16.88986,15.33756,14.74232,14.52093,14.4619,1.552299999999999,0.5952400000000004,0.22138999999999953,0.059029999999999916,-2.43679e-05,STAR
18.62528,17.32307,16.72009,16.41063,16.11067,1.3022099999999988,0.6029800000000023,0.30945999999999785,0.2999600000000022,0.0387584,GALAXY
24.4363,21.32708,19.61544,18.84949,18.44236,3.1092200000000005,1.7116399999999992,0.7659500000000001,0.40712999999999866,0.4613388,GALAXY
23.16639,21.51026,20.92758,20.68863,20.53837,1.656130000000001,0.5826799999999999,0.2389499999999991,0.1502599999999994,1.281051,QSO
22.00164,21.66294,21.37945,21.11247,21.30105,0.33869999999999933,0.28349000000000046,0.2669800000000002,-0.18858000000000175,0.0001305361,STAR
20.40214,20.16259,19.98689,19.6818,19.85159,0.2395499999999977,0.17570000000000263,0.30508999999999986,-0.16979000000000255,1.703224,QSO
23.17872,22.54855,20.5172,19.49789,19.00811,0.6301699999999997,2.0313499999999998,1.0193099999999973,0.4897800000000032,0.520169,GALAXY
22.66204,19.87823,18.34533,17.77992,17.34047,2.7838100000000026,1.532899999999998,0.56541,0.4394500000000008,0.2781118,GALAXY
23.39813,20.69823,19.3609,18.13265,17.52647,2.6998999999999995,1.337329999999998,1.2282499999999992,0.6061800000000019,-1.773631e-06,STAR
20.00477,19.03065,18.53458,18.33686,18.25949,0.9741199999999992,0.4960700000000031,0.1977199999999968,0.07737000000000194,-0.0002614365,STAR
19.32317,17.70194,16.84319,16.44899,16.12686,1.6212300000000006,0.8587500000000006,0.39420000000000144,0.3221299999999978,0.03299421,GALAXY
22.99198,22.26324,21.51443,20.66808,20.39382,0.7287400000000019,0.7488099999999989,0.846350000000001,0.27425999999999817,0.8045511,GALAXY
20.80792,20.75309,20.38577,20.32802,20.48371,0.054829999999999046,0.3673199999999994,0.05775000000000219,-0.15568999999999988,1.220977,QSO
22.64249,21.19742,20.92408,20.86587,20.50352,1.4450699999999976,0.273340000000001,0.058209999999998985,0.3623499999999993,2.915326,QSO
21.50414,21.42635,21.31647,21.21529,20.80253,0.07779000000000025,0.10988000000000042,0.10117999999999938,0.4127599999999987,2.073803,QSO
22.4476,20.79087,19.04618,18.22958,17.80421,1.6567299999999996,1.744690000000002,0.8166000000000011,0.42536999999999736,0.4538349,GALAXY
23.45585,21.05089,19.2818,18.48832,17.98996,2.4049600000000027,1.7690899999999985,0.7934799999999989,0.4983600000000017,0.4224629,GALAXY
26.05801,23.61966,21.97198,20.50759,19.84514,2.43835,1.6476800000000011,1.464389999999998,0.6624499999999998,1.039629,QSO
24.53722,21.69563,21.52313,21.32021,22.80751,2.84159,0.17250000000000298,0.20291999999999888,-1.4873000000000012,0.0008080932,STAR
25.35305,25.5549,23.51489,20.29282,18.72616,-0.2018500000000003,2.0400099999999988,3.222070000000002,1.5666599999999988,-0.0001451738,STAR
19.61205,18.7674,18.45277,18.32469,18.261,0.8446500000000015,0.3146299999999975,0.12808000000000064,0.06369000000000113,0.0007250555,STAR
20.04976,20.04113,19.99553,19.72921,19.66306,0.008630000000000138,0.04560000000000031,0.26632000000000033,0.06614999999999682,2.005574,QSO
23.61143,21.33427,21.08527,21.09826,20.72268,2.2771599999999985,0.24899999999999878,-0.012989999999998503,0.37557999999999936,2.202543,QSO
21.21091,20.22963,20.11371,20.13015,19.80049,0.9812799999999982,0.11591999999999913,-0.016439999999999344,0.3296600000000005,2.665428,QSO
21.54506,20.54016,18.70395,18.03307,17.57991,1.0048999999999992,1.8362100000000012,0.6708800000000004,0.4531599999999969,0.3913283,GALAXY
21.84331,20.80168,20.41927,20.98209,20.67888,1.0416299999999978,0.38241000000000014,-0.5628199999999985,0.30321,0.0002848913,STAR
22.67613,24.48753,22.65487,20.63132,19.05362,-1.811399999999999,1.8326600000000006,2.02355,1.5777,-0.0001381409,STAR
22.26698,21.97371,21.80792,21.53811,21.96218,0.2932699999999997,0.16579000000000121,0.26980999999999966,-0.4240700000000004,1.618589,QSO
18.71604,17.79869,17.50792,17.39799,17.37788,0.917349999999999,0.29077000000000197,0.10992999999999853,0.020109999999998962,0.0004553469,STAR
21.75281,19.33545,17.95326,17.44884,17.1239,2.4173599999999986,1.3821900000000014,0.5044199999999996,0.32494000000000156,0.2369027,GALAXY
19.02759,17.1434,16.25306,15.85192,15.52483,1.8841900000000003,0.8903399999999984,0.4011400000000016,0.3270900000000001,0.07699183,GALAXY
25.48834,22.309,20.29373,19.4392,18.94384,3.17934,2.015270000000001,0.8545300000000005,0.495359999999998,0.4683439,GALAXY
21.39474,21.41653,21.10926,20.92718,20.82491,-0.021790000000002863,0.3072700000000026,0.18207999999999913,0.10227000000000075,1.194162,QSO
20.39463,20.32504,20.21298,19.9466,20.07386,0.06958999999999804,0.1120599999999996,0.2663800000000016,-0.1272599999999997,1.87122,QSO
24.51929,21.68827,20.24963,19.27658,18.92417,2.8310200000000023,1.4386399999999995,0.9730500000000006,0.352409999999999,0.5153073,GALAXY
21.56563,21.29404,21.07791,21.02351,21.21241,0.2715899999999998,0.2161299999999997,0.05439999999999756,-0.18889999999999674,1.015296,QSO
21.99402,21.73958,21.40535,21.13148,20.58375,0.2544399999999989,0.3342300000000016,0.2738699999999987,0.5477300000000014,0.8866076,QSO
21.75282,21.2918,21.30414,21.50926,22.38212,0.4610200000000013,-0.012340000000001794,-0.20512000000000086,-0.8728599999999993,0.001197937,STAR
22.26935,21.25089,20.60685,20.15886,19.71387,1.018460000000001,0.6440399999999968,0.4479900000000008,0.44499000000000066,2.596719,QSO
20.40199,18.49575,17.44156,17.00028,16.61294,1.9062400000000004,1.054190000000002,0.441279999999999,0.3873400000000018,0.1210939,GALAXY
20.32105,19.27924,18.92015,18.82343,18.81437,1.0418099999999981,0.3590900000000019,0.09672000000000125,0.00905999999999807,-0.000200143,STAR
24.00567,21.76776,21.87747,21.81895,22.01129,2.2379099999999994,-0.10970999999999975,0.05851999999999791,-0.19233999999999796,-0.0007566107,STAR
19.95926,19.78148,20.11292,20.41263,20.56289,0.17778000000000205,-0.3314400000000006,-0.29971000000000103,-0.1502599999999994,-0.000126712,STAR
23.48704,22.43982,20.74098,19.69963,19.24057,1.0472199999999994,1.6988400000000006,1.0413500000000013,0.45905999999999736,0.6197446,GALAXY
22.12286,21.69964,21.3773,21.04292,20.76286,0.4232200000000006,0.32233999999999696,0.334380000000003,0.28005999999999887,2.019793,QSO
18.98544,17.49077,16.92088,16.70062,16.63207,1.4946699999999993,0.5698900000000009,0.22025999999999968,0.06855000000000189,7.87175e-05,STAR
23.60232,22.8439,21.97899,20.82977,19.95975,0.7584199999999974,0.8649100000000018,1.1492199999999997,0.8700200000000002,1.040596,QSO
21.8854,21.32483,20.66474,20.45492,20.05036,0.560570000000002,0.6600900000000003,0.209819999999997,0.40456000000000003,0.2244602,GALAXY
19.42914,18.2557,17.75584,17.56583,17.46513,1.1734399999999994,0.49986000000000175,0.1900100000000009,0.10069999999999979,-0.0006113182,STAR
20.98739,20.43195,20.35194,20.33853,20.15788,0.5554400000000008,0.08001000000000147,0.013410000000000366,0.18064999999999998,2.289408,QSO
21.38662,20.47831,20.38062,20.29315,20.12986,0.9083100000000002,0.09769000000000005,0.08746999999999971,0.16328999999999994,-0.0004726387,STAR
19.65727,18.77756,18.48939,18.42524,18.38675,0.8797099999999993,0.2881700000000009,0.06415000000000148,0.03848999999999947,-0.0008390771,STAR
21.39817,19.547,18.54835,17.61457,17.07362,1.8511699999999998,0.9986500000000014,0.9337799999999987,0.5409500000000023,8.675962e-05,STAR
20.34983,20.23335,19.95553,19.77036,19.76796,0.11647999999999925,0.27782000000000195,0.1851699999999994,0.002400000000001512,1.421076,QSO
19.58724,18.59346,18.22109,18.04958,18.01598,0.993780000000001,0.3723700000000001,0.17151000000000138,0.03359999999999985,-0.0003131031,STAR
23.43259,23.30055,22.32596,21.80608,21.34009,0.13203999999999994,0.9745900000000027,0.519879999999997,0.46599000000000146,0.7001436,GALAXY
24.61847,22.93081,21.5702,20.42033,19.62781,1.6876599999999975,1.3606100000000012,1.14987,0.7925199999999997,0.0001083011,STAR
26.36151,23.50848,22.75484,21.07888,20.2742,2.8530300000000004,0.7536399999999972,1.67596,0.8046800000000012,0.6473706,GALAXY
25.46789,22.1717,20.31714,19.31849,19.00852,3.2961899999999993,1.8545600000000029,0.9986499999999978,0.30996999999999986,0.5206485,GALAXY
22.42447,22.07219,20.45697,19.55669,19.35538,0.35228000000000037,1.6152200000000008,0.9002799999999986,0.20130999999999943,0.4901956,GALAXY
20.44568,19.13405,18.67827,18.48432,18.39037,1.311630000000001,0.4557799999999972,0.19395000000000095,0.09394999999999953,-0.0001466359,STAR
24.92846,23.13004,21.59427,20.18507,19.6277,1.7984200000000001,1.5357699999999994,1.409200000000002,0.5573699999999988,1.015473e-06,STAR
22.03969,21.50273,20.60245,19.87311,19.72092,0.5369600000000005,0.9002799999999986,0.7293400000000005,0.15219000000000094,0.6679862,GALAXY
22.98787,23.12919,22.40422,21.96595,21.22414,-0.14132000000000033,0.7249700000000026,0.43826999999999927,0.741810000000001,1.004136,GALAXY
23.25133,20.1185,19.63007,19.56028,19.76831,3.1328299999999984,0.48843000000000103,0.06979000000000113,-0.20803000000000083,3.270033,QSO
22.99716,20.83692,19.78141,19.31309,19.04488,2.1602400000000017,1.0555099999999982,0.46832000000000207,0.26820999999999984,-0.0004403697,STAR
21.23727,20.10097,19.74258,19.61954,19.59814,1.1362999999999985,0.35839,0.1230399999999996,0.021399999999999864,-0.0007569188,STAR
19.69072,19.44993,19.10209,19.22434,19.21875,0.2407900000000005,0.34783999999999793,-0.12225000000000108,0.005590000000001538,1.06219,QSO
23.48295,23.86232,22.50661,19.49903,17.9094,-0.37937000000000154,1.355710000000002,3.0075799999999973,1.5896299999999997,-1.850511e-05,STAR
23.60017,23.49864,21.46616,20.07071,19.33364,0.10152999999999679,2.032480000000003,1.3954500000000003,0.7370699999999992,0.6461555,GALAXY
20.93945,20.69991,20.63968,20.36704,20.29942,0.23954000000000164,0.06023000000000067,0.2726399999999991,0.06761999999999802,1.607937,QSO
25.77342,24.24898,23.54349,21.81719,21.42731,1.524440000000002,0.7054900000000011,1.7262999999999984,0.38988000000000156,0.7910262,GALAXY
21.62786,20.81255,21.0078,20.8267,20.40065,0.8153099999999966,-0.19524999999999793,0.1811000000000007,0.42605000000000004,2.397261,QSO
18.003,16.98617,16.65305,16.51321,16.49671,1.0168299999999988,0.33312000000000097,0.13983999999999952,0.016500000000000625,-0.0008029171,STAR
22.45625,21.66058,20.93964,20.71198,20.38653,0.7956700000000012,0.7209399999999988,0.2276600000000002,0.32545,1.306129,QSO
19.7842,18.33478,17.6449,17.26853,17.01549,1.44942,0.6898799999999987,0.3763700000000014,0.2530399999999986,0.1345556,GALAXY
21.39323,20.87288,20.69433,20.44057,20.53297,0.5203500000000005,0.17854999999999777,0.25375999999999976,-0.09239999999999782,1.525442,QSO
21.95072,20.50134,20.00186,19.69998,19.6187,1.4493800000000014,0.49947999999999837,0.3018800000000006,0.08127999999999957,-0.0008848552,STAR
23.53158,22.79818,21.56249,20.94714,20.52613,0.7334000000000032,1.2356899999999982,0.6153499999999994,0.42101000000000255,-6.305501e-05,STAR
21.78296,21.92826,22.11971,21.90728,22.17337,-0.14530000000000243,-0.19144999999999968,0.21243000000000123,-0.2660899999999984,1.784701,QSO
24.32661,22.27849,21.18816,21.18675,20.78849,2.0481199999999973,1.0903300000000016,0.0014099999999999113,0.3982600000000005,0.0003331527,STAR
21.32341,21.06184,20.99042,20.72736,20.91986,0.26156999999999897,0.07141999999999982,0.2630599999999994,-0.192499999999999,2.114196,QSO
25.14834,22.19908,20.76118,19.71715,19.14577,2.9492600000000024,1.437899999999999,1.0440299999999993,0.5713800000000013,7.39123e-05,STAR
20.85363,19.14071,18.09111,17.5684,17.17407,1.7129200000000004,1.049599999999998,0.52271,0.39433000000000007,0.1272586,GALAXY
24.82561,22.41741,20.58377,19.63994,19.70891,2.408200000000001,1.833639999999999,0.943830000000002,-0.0689700000000002,0.5626275,GALAXY
23.5269,20.98154,20.50265,20.21703,19.93419,2.5453600000000023,0.4788899999999998,0.285619999999998,0.2828400000000002,-0.0004455194,STAR
23.69945,23.07374,20.84564,19.76108,19.37484,0.625709999999998,2.2281000000000013,1.0845599999999997,0.3862400000000008,0.5398807,GALAXY
21.54227,18.91024,17.65746,17.11063,16.77505,2.6320299999999968,1.2527800000000013,0.5468299999999999,0.3355800000000002,5.519e-05,STAR
24.05794,21.19569,19.41156,18.7623,18.32697,2.8622499999999995,1.7841299999999976,0.6492600000000017,0.43533000000000044,0.3742192,GALAXY
22.19779,21.87465,21.75575,21.58455,21.77677,0.3231400000000022,0.1189,0.1711999999999989,-0.19221999999999895,1.826406,QSO
23.70998,21.70868,21.18481,20.50947,20.26788,2.0013000000000005,0.5238700000000023,0.6753399999999985,0.24158999999999864,2.787662,QSO
22.36136,21.98291,22.28143,21.86987,21.98517,0.37845000000000084,-0.2985199999999999,0.4115600000000015,-0.11530000000000129,1.742163,QSO
26.43719,22.04125,21.18192,21.23609,20.45878,4.3959399999999995,0.8593299999999999,-0.05416999999999916,0.77731,1.247769,QSO
23.40157,22.41427,20.42913,19.49374,18.88994,0.9873000000000012,1.9851399999999977,0.9353900000000017,0.6037999999999997,0.5001587,GALAXY
22.31867,23.89362,21.61246,20.54326,19.86142,-1.5749499999999976,2.28116,1.0691999999999986,0.6818400000000011,1.165946,QSO
17.25719,16.05376,15.63719,15.51799,15.46191,1.2034300000000009,0.4165700000000001,0.11920000000000108,0.056079999999999686,-6.136934e-05,STAR
23.28609,24.11996,22.27717,21.66658,22.6213,-0.8338699999999974,1.8427899999999973,0.610590000000002,-0.9547200000000018,0.8150815,GALAXY
21.85399,20.8969,20.4622,20.22812,20.405,0.9570900000000009,0.4346999999999994,0.23407999999999873,-0.1768800000000006,0.0002359841,STAR
21.76147,21.17573,21.08334,21.19373,20.63689,0.5857399999999977,0.09239000000000175,-0.11038999999999888,0.5568399999999976,2.594873,QSO
20.92569,18.0922,16.68061,16.9125,15.65477,2.833490000000001,1.4115899999999968,-0.23188999999999993,1.2577300000000022,2.380133e-05,STAR
24.14533,22.00804,20.5627,19.20853,18.54892,2.13729,1.4453400000000016,1.3541699999999999,0.6596100000000007,0.0001869448,STAR
22.09398,21.70409,21.60573,21.72319,21.26084,0.3898899999999976,0.09835999999999956,-0.11745999999999768,0.46234999999999715,1.404986,GALAXY
23.08622,23.4232,22.30065,21.94701,21.54339,-0.3369800000000005,1.1225500000000004,0.3536400000000022,0.4036200000000001,-0.003785658,STAR
18.18715,17.89938,17.66178,17.61926,17.57007,0.2877699999999983,0.23760000000000048,0.04251999999999967,0.0491899999999994,0.9746026,QSO
25.41149,21.85263,21.61222,21.41801,21.88248,3.5588599999999992,0.24041000000000068,0.19421000000000177,-0.46447000000000216,1.557082,QSO
22.72659,22.31748,20.5118,19.45051,18.86085,0.40911000000000186,1.8056799999999988,1.0612899999999996,0.5896600000000021,0.5326954,GALAXY
21.19927,21.1363,21.35887,20.90764,20.68535,0.06296999999999997,-0.22257000000000104,0.4512299999999989,0.222290000000001,2.041172,QSO
18.74317,18.36775,17.86172,17.56248,17.19862,0.3754199999999983,0.5060300000000026,0.2992399999999975,0.3638600000000025,0.2591352,QSO
20.971,21.07396,20.60022,20.74847,21.20825,-0.1029599999999995,0.4737399999999994,-0.14825000000000088,-0.4597799999999985,1.176301,QSO
22.92313,22.96952,21.7858,21.60169,21.79385,-0.04638999999999882,1.183720000000001,0.1841099999999969,-0.19215999999999767,-0.002887673,STAR
24.15585,21.45501,19.95014,19.17703,18.73145,2.7008399999999995,1.5048700000000004,0.7731100000000026,0.44557999999999964,0.0001548878,STAR
22.66847,21.80062,21.65633,21.24479,21.35207,0.8678500000000007,0.14428999999999803,0.41154000000000224,-0.10728000000000293,2.048543,QSO
20.96261,20.41401,20.46914,20.516,20.17137,0.5486000000000004,-0.05512999999999835,-0.04685999999999879,0.34462999999999866,2.300235,QSO
20.42102,20.2347,20.1485,20.12494,20.04634,0.1863199999999985,0.08620000000000161,0.023559999999999803,0.078599999999998,2.047425,QSO
21.93789,21.34084,21.22017,21.01729,20.71543,0.5970499999999994,0.1206700000000005,0.2028800000000004,0.3018599999999978,2.671411,QSO
22.3345,20.11953,19.85842,19.79839,19.69966,2.2149699999999974,0.2611100000000022,0.060029999999997585,0.09872999999999976,3.086987,QSO
22.44092,21.70672,20.19239,19.24744,18.79758,0.7341999999999977,1.514330000000001,0.9449499999999986,0.44986000000000104,0.5452714,GALAXY
19.46004,19.39937,19.16655,19.0821,19.17241,0.060669999999998225,0.23282000000000025,0.08445000000000036,-0.09030999999999878,1.340862,QSO
22.33467,21.41184,21.23132,20.79749,20.67128,0.9228299999999976,0.18052000000000135,0.4338300000000004,0.12621000000000038,1.971123,QSO
23.56041,22.04006,20.61942,19.83357,19.25919,1.5203500000000005,1.4206399999999988,0.7858499999999999,0.5743800000000014,0.5183166,GALAXY
22.12241,21.80381,20.61898,18.75981,18.14339,0.3186,1.184829999999998,1.8591699999999989,0.6164200000000015,-9.170364e-05,STAR
18.20559,15.92862,15.03155,14.67264,14.47087,2.2769700000000004,0.8970700000000011,0.35890999999999984,0.20176999999999978,7.798948e-05,STAR
23.22775,23.64282,21.72756,20.59965,19.91482,-0.41507000000000005,1.91526,1.12791,0.6848300000000016,0.582482,GALAXY
21.23964,19.39108,18.61889,18.28509,18.09776,1.8485600000000026,0.7721899999999984,0.3338000000000001,0.18732999999999933,5.136072e-05,STAR
21.10303,21.05543,20.69099,20.88129,20.8712,0.0475999999999992,0.3644400000000019,-0.19030000000000058,0.010089999999998156,1.267648,QSO
26.91778,23.307,22.66506,21.32036,19.97026,3.610780000000002,0.6419399999999982,1.3446999999999996,1.3501000000000012,0.001456211,STAR
21.98285,21.47063,21.36881,21.48924,21.2709,0.5122199999999992,0.10182000000000002,-0.12042999999999893,0.21833999999999776,2.479051,QSO
18.98265,16.8442,15.93466,15.54983,15.31243,2.138449999999999,0.9095400000000016,0.3848299999999991,0.23739999999999917,0.0003001832,STAR
22.7261,22.05298,22.10413,22.01579,21.40309,0.6731199999999973,-0.05114999999999981,0.0883400000000023,0.6127000000000002,0.0004148048,STAR
17.56474,16.57432,16.21273,16.09732,16.08501,0.9904200000000003,0.36158999999999963,0.11541000000000068,0.012309999999999377,-8.056209e-05,STAR
19.30704,18.35209,17.65901,17.2204,17.00935,0.9549500000000002,0.6930800000000019,0.43860999999999706,0.21105000000000018,0.2200215,GALAXY
23.5017,20.43991,18.9669,17.9595,17.35866,3.0617899999999985,1.4730100000000022,1.0074000000000005,0.600839999999998,4.173039e-05,STAR
20.19013,20.06141,19.63555,19.62659,19.70135,0.12872000000000128,0.4258600000000001,0.008959999999998303,-0.07476000000000127,1.207661,QSO
18.10654,16.39682,15.61942,15.23801,14.95248,1.7097199999999972,0.7774000000000019,0.3814100000000007,0.2855299999999996,0.02374463,GALAXY
24.11946,24.54922,21.72329,20.46426,19.67913,-0.42975999999999814,2.8259299999999996,1.2590299999999992,0.7851299999999988,0.8588642,GALAXY
26.31563,24.46391,21.50802,20.43375,19.48616,1.8517200000000003,2.95589,1.0742699999999985,0.9475899999999982,0.8655235,GALAXY
19.15197,18.23692,17.87431,17.7303,17.65741,0.9150499999999973,0.3626100000000001,0.14401000000000153,0.07289000000000101,-0.0003190772,STAR
23.39182,22.72281,20.79622,19.60292,19.02724,0.6690100000000001,1.9265899999999974,1.1933000000000007,0.575680000000002,0.5913289,GALAXY
17.69279,16.19856,15.61991,15.40767,15.33096,1.4942299999999982,0.5786499999999997,0.21224000000000132,0.07671000000000028,-0.0002391953,STAR
21.28854,20.29748,19.7925,19.56425,19.49865,0.9910600000000009,0.5049799999999998,0.22824999999999918,0.06559999999999988,0.6945515,GALAXY
22.98682,22.0383,20.48026,19.42422,19.03446,0.948520000000002,1.5580399999999983,1.056040000000003,0.389759999999999,0.5295685,GALAXY
21.74715,21.66815,21.41055,21.26972,20.96734,0.07900000000000063,0.25760000000000005,0.14083000000000112,0.3023799999999994,1.301111,QSO
20.56656,20.48502,20.43689,20.40608,20.35057,0.08154000000000039,0.04813000000000045,0.030809999999998894,0.05550999999999817,1.510443,QSO
21.13865,20.91615,20.88918,20.74403,20.86094,0.22250000000000014,0.026969999999998606,0.145150000000001,-0.11691000000000074,1.480454,QSO
19.76058,18.52781,17.77304,17.36318,17.087,1.2327700000000021,0.754769999999997,0.4098600000000019,0.2761800000000001,0.1579414,GALAXY
18.84097,17.42277,16.88515,16.69957,16.61958,1.4181999999999988,0.5376200000000004,0.18557999999999808,0.07999000000000223,-1.988818e-05,STAR
18.63086,17.66878,17.41156,17.28826,17.27193,0.9620799999999967,0.2572200000000002,0.12330000000000041,0.016329999999999956,0.0003757848,STAR
24.43155,21.7263,19.73494,18.75128,18.09009,2.705250000000003,1.9913599999999967,0.9836600000000004,0.6611900000000013,0.5203859,GALAXY
22.26597,22.07579,21.91615,21.47126,21.27998,0.19017999999999802,0.1596400000000031,0.44488999999999734,0.19128000000000256,1.842787,QSO
17.37645,15.86794,15.26001,14.98452,14.87672,1.5085099999999976,0.6079300000000014,0.27548999999999957,0.10779999999999923,-8.006251e-05,STAR
22.48471,22.79192,21.63808,21.50117,20.92562,-0.3072100000000013,1.1538400000000024,0.1369100000000003,0.5755499999999998,0.7369243,GALAXY
18.88887,17.91233,17.58084,17.46614,17.43217,0.97654,0.3314900000000023,0.11469999999999914,0.033970000000000056,-0.0001525926,STAR
24.02664,22.92755,21.26595,20.1524,19.64175,1.0990900000000003,1.6616,1.11355,0.5106500000000018,0.6112235,GALAXY
18.28913,17.06234,16.99645,17.01594,17.05124,1.2267900000000012,0.06588999999999956,-0.019490000000001118,-0.03529999999999944,-0.0007836185,STAR
19.83456,19.62206,19.35196,19.34287,19.44421,0.21249999999999858,0.2701000000000029,0.009089999999996934,-0.10134000000000043,1.145614,QSO
20.11333,19.24183,18.91663,18.81071,18.75906,0.871500000000001,0.3251999999999988,0.10592000000000112,0.05164999999999864,-0.000360612,STAR
22.99922,20.66851,20.05412,19.94334,20.07413,2.33071,0.6143900000000002,0.11078000000000188,-0.13079000000000107,1.465283,QSO
21.7652,20.96253,20.76688,20.40808,20.03684,0.8026699999999991,0.19565000000000055,0.3587999999999987,0.37124000000000024,0.8512262,QSO
23.10529,21.82668,20.24099,19.12675,18.73788,1.2786100000000005,1.5856899999999996,1.1142399999999988,0.3888700000000007,0.5942271,GALAXY
22.07237,20.72141,19.58344,19.08734,18.75362,1.3509600000000006,1.1379699999999993,0.49609999999999843,0.3337199999999996,0.1449781,GALAXY
21.06709,18.92584,17.6883,17.16763,16.79557,2.1412499999999994,1.2375399999999992,0.5206700000000026,0.3720599999999976,0.1747565,GALAXY
22.83141,20.77492,19.62893,19.16935,18.92192,2.05649,1.1459900000000012,0.459579999999999,0.24743000000000137,-7.157827e-05,STAR
21.22529,21.30157,21.29521,20.99635,21.09134,-0.07628000000000057,0.0063600000000008095,0.29886000000000124,-0.09498999999999924,2.142441,QSO
21.05878,20.07202,19.86308,19.89271,19.61334,0.9867600000000003,0.20893999999999835,-0.029630000000000933,0.2793700000000001,2.476911,QSO
22.95651,19.82764,18.28434,17.70431,17.3427,3.1288700000000027,1.5432999999999986,0.5800300000000007,0.3616099999999989,0.2775564,GALAXY
22.16646,21.31422,20.63509,19.89986,19.68789,0.8522400000000019,0.6791299999999971,0.7352300000000014,0.21197000000000088,0.6593171,GALAXY
22.00335,21.13725,20.75776,20.5974,19.82168,0.8660999999999994,0.37949000000000055,0.16036000000000072,0.7757199999999997,2.237561,QSO
19.19712,17.67574,16.9505,16.58173,16.34619,1.5213800000000006,0.7252399999999994,0.3687700000000014,0.2355400000000003,0.07484239,GALAXY
22.40748,22.72704,22.03136,21.67872,20.868,-0.3195599999999992,0.6956799999999994,0.35264000000000095,0.8107199999999999,1.007567,GALAXY
22.17256,21.14191,20.64492,20.61265,20.13042,1.0306500000000014,0.49699000000000026,0.032270000000000465,0.4822299999999977,2.37424,QSO
22.06464,20.7953,20.5781,20.54144,20.21459,1.2693399999999997,0.21720000000000184,0.036659999999997694,0.3268500000000003,-0.0006117439,STAR
23.8415,23.38209,22.73955,21.96689,21.26303,0.4594099999999983,0.6425400000000003,0.7726600000000019,0.7038599999999988,1.065722,GALAXY
24.14937,21.03869,19.26026,18.52106,17.97175,3.110680000000002,1.7784300000000002,0.7392000000000003,0.5493099999999984,0.3850157,GALAXY
20.35039,18.18652,16.88648,16.36939,15.98839,2.1638699999999993,1.3000400000000027,0.5170899999999996,0.38099999999999845,0.1638223,GALAXY
21.16425,20.80207,20.88274,20.61283,20.60411,0.3621799999999986,-0.0806699999999978,0.26990999999999943,0.008720000000000283,1.668911,QSO
22.0736,21.37025,20.68615,20.50526,20.19746,0.7033500000000004,0.6840999999999973,0.18089000000000155,0.3078000000000003,2.341352,QSO
21.78479,21.87284,21.38097,21.53534,21.04307,-0.08804999999999907,0.4918699999999987,-0.15437000000000012,0.4922700000000013,1.204561,QSO
23.02528,21.64471,21.40679,21.26386,20.80466,1.3805699999999987,0.23791999999999902,0.14292999999999978,0.4592000000000027,2.886262,QSO
22.96026,21.16594,20.8127,20.75517,21.28665,1.7943200000000026,0.35323999999999955,0.05752999999999986,-0.531480000000002,-0.000833821,STAR
26.20395,22.29202,20.81696,19.84667,19.39497,3.911929999999998,1.4750599999999991,0.9702900000000021,0.4516999999999989,0.5529293,GALAXY
20.09906,20.13874,20.05011,19.82099,19.6287,-0.03967999999999705,0.08862999999999843,0.22912000000000177,0.19228999999999985,2.750205,QSO
23.19589,22.56815,20.96958,19.87042,19.21666,0.6277399999999993,1.5985699999999987,1.0991600000000012,0.6537599999999983,-6.797814e-05,STAR
21.92289,21.65022,21.55426,21.45464,21.08996,0.27266999999999797,0.0959600000000016,0.09961999999999804,0.3646799999999999,1.582088,QSO
21.79121,21.04825,20.74685,20.70328,20.52675,0.7429600000000001,0.301400000000001,0.043569999999999,0.17652999999999963,0.0004199587,STAR
20.7317,19.61811,19.19044,19.0472,18.97212,1.1135899999999985,0.42767000000000266,0.1432399999999987,0.07507999999999981,4.68141e-05,STAR
23.35047,21.96996,20.28728,19.45238,18.8686,1.380510000000001,1.6826800000000013,0.8348999999999975,0.5837800000000009,0.4472291,GALAXY
23.78719,21.15197,20.08426,19.71345,19.42253,2.6352200000000003,1.0677099999999982,0.37080999999999875,0.2909200000000034,5.689708e-05,STAR
21.83489,20.86297,20.42285,19.96574,19.7119,0.9719200000000008,0.4401200000000003,0.4571100000000001,0.2538400000000003,0.6201658,QSO
20.8929,20.47575,20.58659,20.45241,20.2686,0.41714999999999947,-0.1108399999999996,0.13418000000000063,0.18381000000000114,2.185467,QSO
21.58946,21.32142,20.99133,20.74328,21.06289,0.26803999999999917,0.33008999999999844,0.24805000000000277,-0.31961000000000084,1.509294,QSO
19.19764,18.25931,18.11284,18.03928,18.039,0.9383300000000006,0.14647000000000077,0.07355999999999696,0.000280000000000058,-0.0002886313,STAR
21.62541,19.67664,18.23034,17.68671,17.30703,1.9487699999999997,1.4462999999999973,0.5436300000000003,0.37968000000000046,0.2491772,GALAXY
26.55165,21.6101,19.77589,19.04404,18.53048,4.941549999999999,1.8342099999999988,0.7318500000000014,0.5135599999999982,0.4293937,GALAXY
19.44847,17.69581,16.89057,16.54286,16.27811,1.7526599999999988,0.8052400000000013,0.3477099999999993,0.2647499999999994,0.1145743,GALAXY
22.07598,21.90177,21.72164,21.81994,21.35089,0.1742100000000022,0.18012999999999835,-0.09829999999999828,0.4690499999999993,2.331256,QSO
20.33503,18.45293,17.71465,17.43138,17.29823,1.8821000000000012,0.7382799999999996,0.28326999999999813,0.13315000000000055,1.98296e-05,STAR
21.78649,19.54022,18.32193,17.76102,17.37624,2.246269999999999,1.2182900000000032,0.5609099999999998,0.38477999999999923,-1.105449e-05,STAR
20.75985,21.13743,20.68655,20.52475,20.84585,-0.37757999999999825,0.45087999999999795,0.1617999999999995,-0.3210999999999977,1.332327,QSO
21.36876,21.3907,21.16216,21.16042,21.10457,-0.021939999999997184,0.22853999999999886,0.0017400000000016291,0.05584999999999951,1.052504,QSO
18.57548,17.0461,16.90918,16.89362,16.87324,1.5293799999999997,0.13691999999999993,0.015560000000000684,0.0203799999999994,-0.000158665,STAR
24.63413,23.58616,20.86045,19.289,18.74544,1.0479699999999994,2.7257099999999994,1.5714499999999987,0.5435600000000029,0.1500054,GALAXY
22.38231,22.22467,21.86021,22.05532,21.89441,0.15764000000000067,0.3644600000000011,-0.19510999999999967,0.16090999999999767,-0.0001203133,STAR
26.73943,24.45037,21.96826,20.60232,19.84087,2.289059999999999,2.4821099999999987,1.365940000000002,0.76145,0.6946601,GALAXY
23.74928,21.48552,19.68612,18.8428,18.24576,2.2637599999999978,1.799400000000002,0.8433199999999985,0.5970399999999998,0.4961469,GALAXY
22.58498,22.57066,21.15533,19.89497,19.33935,0.014320000000001443,1.4153300000000009,1.2603599999999986,0.5556200000000011,0.6617753,GALAXY
21.62802,20.7316,20.331,20.14719,20.45566,0.8964199999999991,0.40060000000000073,0.18381000000000114,-0.30847000000000335,0.02481399,GALAXY
22.71987,21.10782,19.60352,18.79358,18.22177,1.61205,1.5043000000000006,0.809940000000001,0.5718099999999993,0.4390378,GALAXY
19.9491,18.47068,17.81017,17.54934,17.39373,1.4784199999999998,0.6605100000000022,0.26082999999999856,0.15560999999999936,-0.0003272252,STAR
25.24834,24.97292,24.87046,21.23086,20.05083,0.27542000000000044,0.10245999999999711,3.6396000000000015,1.1800299999999986,-3.355149e-05,STAR
22.67101,23.05285,20.92891,19.8225,19.30216,-0.3818400000000004,2.123940000000001,1.1064099999999968,0.5203400000000009,0.6017132,GALAXY
23.31478,20.75115,20.28181,20.0241,19.93837,2.56363,0.469339999999999,0.25770999999999944,0.08573000000000164,-0.0008354319,STAR
19.2203,18.16171,18.07366,18.06107,18.05439,1.0585900000000024,0.08804999999999907,0.012589999999999435,0.006679999999999353,0.0006719441,STAR
19.61566,18.16727,17.56137,17.32821,17.20326,1.4483899999999998,0.6058999999999983,0.2331600000000016,0.12494999999999834,-0.0003794194,STAR
23.41432,21.94335,19.86176,18.94351,18.55712,1.4709700000000012,2.0815899999999985,0.9182500000000005,0.3863899999999987,0.463076,GALAXY
23.07535,21.00326,20.29789,19.62826,21.18786,2.0720899999999993,0.705370000000002,0.669629999999998,-1.5595999999999997,-7.390197e-05,STAR
20.34716,20.28407,20.187,20.11664,19.948,0.06308999999999898,0.09706999999999866,0.07036000000000087,0.1686399999999999,2.067452,QSO
23.51601,22.32696,22.24091,22.37964,21.5383,1.1890500000000017,0.08605000000000018,-0.1387299999999989,0.8413399999999989,3.489013,QSO
21.5682,20.98293,20.68733,20.62218,20.19107,0.5852700000000013,0.2956000000000003,0.06514999999999915,0.4311100000000003,0.9928038,QSO
22.00017,21.42865,21.01272,20.83232,20.32884,0.5715199999999996,0.41592999999999947,0.18040000000000234,0.5034799999999997,-0.0001524879,STAR
20.42032,18.31037,17.2596,16.81603,16.43307,2.1099500000000013,1.05077,0.4435699999999976,0.38296000000000063,0.1281516,GALAXY
23.98731,20.91576,20.21124,19.92024,19.87081,3.071550000000002,0.7045199999999987,0.29100000000000037,0.04943000000000097,-7.731323e-05,STAR
24.4663,20.38774,18.67048,18.07779,17.713,4.0785599999999995,1.7172599999999996,0.592690000000001,0.3647899999999993,0.3553686,GALAXY
19.20876,18.18528,17.85597,17.73052,17.67104,1.0234800000000028,0.32930999999999955,0.12545000000000073,0.05947999999999709,-0.00133185,STAR
22.53839,21.97358,20.27783,19.33923,18.91705,0.5648100000000014,1.6957499999999968,0.938600000000001,0.4221800000000009,0.5103441,GALAXY
20.40448,18.52633,17.52491,17.07918,16.73155,1.878149999999998,1.001420000000003,0.4457299999999975,0.3476300000000023,0.09577919,GALAXY
21.56645,20.99653,21.03011,21.06544,20.99834,0.5699199999999998,-0.03358000000000061,-0.03532999999999831,0.06709999999999994,0.0003187389,STAR
22.8702,20.88201,19.39016,18.19054,17.51494,1.9881899999999995,1.4918499999999995,1.199620000000003,0.6755999999999993,0.0001199701,STAR
21.90329,20.0466,18.38477,17.78553,17.44118,1.8566899999999968,1.661830000000002,0.5992399999999982,0.34435000000000215,0.2960697,GALAXY
21.79977,21.30013,20.62698,19.9279,19.13011,0.4996399999999994,0.6731499999999997,0.6990799999999986,0.7977900000000027,0.794132,QSO
19.81222,19.59474,19.44647,19.1472,19.13624,0.21747999999999834,0.14827000000000012,0.2992699999999999,0.010960000000000747,1.671981,QSO
23.49973,21.65286,21.47606,21.47579,21.96609,1.8468699999999991,0.17680000000000007,0.00027000000000043656,-0.4903000000000013,0.0002688167,STAR
23.91079,22.64271,21.07362,19.96952,19.41011,1.2680799999999977,1.5690900000000028,1.104099999999999,0.5594099999999997,0.5450551,GALAXY
19.35418,19.77505,20.1859,20.5465,20.58284,-0.42087000000000074,-0.41084999999999994,-0.3606000000000016,-0.03633999999999915,-0.0001132509,STAR
20.16125,18.42691,17.64574,17.28241,17.00029,1.7343399999999995,0.7811699999999995,0.36333000000000126,0.28211999999999904,0.07982406,GALAXY
20.57782,20.82691,20.43866,20.46678,20.64508,-0.24909000000000248,0.38825000000000287,-0.028120000000001255,-0.17830000000000013,1.366247,QSO
20.11749,20.29445,19.84662,19.76174,19.69817,-0.17696000000000112,0.44782999999999973,0.08488000000000184,0.06356999999999857,1.302215,QSO
20.18823,18.76902,18.19923,17.97016,17.85596,1.4192099999999996,0.5697900000000011,0.2290700000000001,0.1142000000000003,-0.0006104313,STAR
25.79148,19.1026,17.49657,16.94337,16.51624,6.688880000000001,1.6060300000000005,0.5531999999999968,0.4271300000000018,0.2607948,GALAXY
26.45336,23.75446,22.51314,20.57835,19.69764,2.6988999999999983,1.2413200000000018,1.9347899999999996,0.8807100000000005,5.834021e-05,STAR
17.50019,16.00552,15.2693,14.88267,14.59356,1.4946699999999993,0.7362200000000012,0.38663000000000025,0.2891099999999991,0.05853299,GALAXY
25.38026,23.68405,21.67931,20.60957,19.69972,1.6962100000000007,2.004739999999998,1.0697399999999995,0.9098500000000023,0.8044181,GALAXY
25.81131,23.95051,22.40997,20.87904,19.95668,1.8607999999999976,1.54054,1.5309300000000015,0.9223600000000012,0.7199675,GALAXY
25.10109,22.19773,20.58473,19.55728,19.0888,2.9033599999999993,1.6129999999999995,1.0274500000000018,0.46847999999999956,0.4844317,GALAXY
22.89627,21.72628,21.42183,20.96653,20.19732,1.169990000000002,0.3044499999999992,0.45530000000000115,0.7692099999999975,0.9538659,GALAXY
25.12351,22.78605,20.69232,19.54409,18.95369,2.33746,2.0937300000000008,1.148229999999998,0.5903999999999989,0.5979787,GALAXY
20.54056,19.36108,18.84117,18.63247,18.5437,1.179479999999998,0.5199099999999994,0.20870000000000033,0.08877000000000024,-0.0003544557,STAR
19.00647,17.21891,16.38492,15.94397,15.59321,1.7875599999999991,0.83399,0.44095000000000084,0.35076000000000107,0.0518445,GALAXY
17.92538,16.54119,15.94737,15.72022,15.6115,1.3841900000000003,0.5938200000000009,0.22714999999999996,0.10871999999999993,-0.0001968217,STAR
21.02908,18.88956,17.60655,17.12192,16.78258,2.139520000000001,1.2830100000000009,0.48462999999999923,0.33934,0.1823367,GALAXY
